,timestamp,gpu_memory_util,gpu_util,power,total_energy,temperature,gpu_memory_total,gpu_memory_reserved,gpu_memory_free,gpu_memory_used,cpu_util,host_memory_total,host_memory_used,host_memory_free,host_memory_percentage
0,2024-06-19T16:33:02.538696,0,0,40393,16239850535,38,48305799168,569180160,47736422400,196608,7.4,101243179008,2945052672,85772226560,3.9
1,2024-06-19T16:33:03.033115,0,0,40393,16239879702,38,48305799168,569180160,47736422400,196608,29.8,101243179008,3339816960,85377441792,4.3
2,2024-06-19T16:33:03.659285,0,0,40436,16239900781,38,48305799168,569180160,47736422400,196608,73.8,101243179008,4177924096,84538720256,5.1
3,2024-06-19T16:33:04.034192,0,0,40436,16239924897,38,48305799168,569180160,47736422400,196608,5.1,101243179008,4218867712,84497694720,5.2
4,2024-06-19T16:33:04.534802,0,0,41707,16239955274,38,48305799168,569180160,47736422400,196608,5.6,101243179008,4309442560,84407119872,5.3
5,2024-06-19T16:33:05.035262,0,0,41707,16239985587,38,48305799168,569180160,47736422400,196608,6.7,101243179008,4371361792,84345200640,5.3
6,2024-06-19T16:33:05.536033,0,0,61042,16240015901,38,48305799168,569180160,47736422400,196608,19.3,101243179008,4398198784,84318363648,5.4
7,2024-06-19T16:33:06.036633,0,0,61042,16240031411,38,48305799168,569180160,47736422400,196608,3.9,101243179008,4405940224,84310622208,5.4
8,2024-06-19T16:33:06.537466,0,0,59733,16240060557,38,48305799168,569180160,47736422400,196608,1.1,101243179008,4412342272,84303990784,5.4
9,2024-06-19T16:33:07.037836,0,0,59733,16240089714,38,48305799168,569180160,47736422400,196608,0.4,101243179008,4412342272,84303990784,5.4
10,2024-06-19T16:33:07.538638,0,0,58472,16240118882,38,48305799168,569180160,47736422400,196608,0.2,101243179008,4412342272,84303990784,5.4
11,2024-06-19T16:33:08.356289,0,0,58472,16240144061,37,48305799168,569180160,47736422400,196608,2.7,101243179008,4431425536,84284907520,5.4
12,2024-06-19T16:33:08.539647,0,0,40502,16240155467,38,48305799168,569180160,47736422400,196608,0.8,101243179008,4423938048,84292390912,5.4
13,2024-06-19T16:33:09.040145,0,0,40502,16240184671,38,48305799168,569180160,47736422400,196608,0.5,101243179008,4424183808,84292132864,5.4
14,2024-06-19T16:33:09.540794,0,0,40551,16240213948,38,48305799168,569180160,47733407744,3211264,2.5,101243179008,4479205376,84237111296,5.4
15,2024-06-19T16:33:10.041332,0,0,58872,16240243248,38,48305799168,569180160,47733407744,3211264,4.1,101243179008,4627841024,84088475648,5.6
16,2024-06-19T16:33:10.660101,0,0,56163,16240267671,38,48305799168,569180160,47733407744,3211264,24.8,101243179008,4820045824,83896270848,5.8
17,2024-06-19T16:33:11.042872,0,0,53513,16240296658,39,48305799168,569180160,47409070080,327548928,10.0,101243179008,5058732032,83647127552,6.0
18,2024-06-19T16:33:11.543188,0,0,65969,16240334172,39,48305799168,569180160,47406972928,329646080,5.2,101243179008,5439496192,83266265088,6.4
19,2024-06-19T16:33:12.043868,0,1,75464,16240372020,39,48305799168,569180160,46888976384,847642624,5.1,101243179008,5478825984,83221024768,6.4
20,2024-06-19T16:33:12.544432,0,0,75673,16240415620,42,48305799168,569180160,42916970496,4819648512,6.2,101243179008,6099607552,82599895040,7.0
21,2024-06-19T16:33:13.045017,61,95,116085,16240551474,48,48305799168,569180160,42141024256,5595594752,9.0,101243179008,6106288128,82593214464,7.1
22,2024-06-19T16:33:13.545647,61,95,274873,16240686764,50,48305799168,569180160,42141024256,5595594752,5.2,101243179008,6105997312,82593505280,7.1
23,2024-06-19T16:33:14.046228,61,95,268088,16240823049,51,48305799168,569180160,42141024256,5595594752,5.4,101243179008,6105989120,82593505280,7.1
24,2024-06-19T16:33:14.546804,63,98,276719,16240960168,52,48305799168,569180160,42141024256,5595594752,6.2,101243179008,6109077504,82590416896,7.1
25,2024-06-19T16:33:15.047230,22,34,181617,16241016353,44,48305799168,569180160,42141024256,5595594752,1.3,101243179008,6120947712,82578546688,7.1
26,2024-06-19T16:33:15.547942,61,95,172712,16241121615,51,48305799168,569180160,42141024256,5595594752,6.1,101243179008,6105808896,82593685504,7.1
27,2024-06-19T16:33:16.048569,61,92,233972,16241256876,53,48305799168,569180160,42141024256,5595594752,5.5,101243179008,6105919488,82593574912,7.1
28,2024-06-19T16:33:16.549121,62,95,274291,16241395393,53,48305799168,569180160,42141024256,5595594752,5.9,101243179008,6110011392,82589483008,7.1
29,2024-06-19T16:33:17.049696,61,95,264485,16241533501,54,48305799168,569180160,42141024256,5595594752,5.1,101243179008,6109999104,82589495296,7.1
30,2024-06-19T16:33:17.550284,63,98,216162,16241630242,48,48305799168,569180160,42141024256,5595594752,5.4,101243179008,6114373632,82585120768,7.1
31,2024-06-19T16:33:18.051062,0,0,154646,16241669045,45,48305799168,569180160,42141024256,5595594752,0.6,101243179008,6114373632,82585120768,7.1
32,2024-06-19T16:33:18.551617,62,95,160119,16241794303,53,48305799168,569180160,42141024256,5595594752,6.4,101243179008,6085046272,82614448128,7.0
33,2024-06-19T16:33:19.052203,61,95,238531,16241930792,54,48305799168,569180160,42141024256,5595594752,7.0,101243179008,6088343552,82611142656,7.0
34,2024-06-19T16:33:19.792838,62,95,275684,16242123544,55,48305799168,569180160,42141024256,5595594752,8.8,101243179008,6105333760,82594152448,7.1
35,2024-06-19T16:33:20.053119,64,98,276483,16242207956,55,48305799168,569180160,42141024256,5595594752,6.3,101243179008,6098821120,82600665088,7.0
36,2024-06-19T16:33:20.553514,22,34,208005,16242283028,48,48305799168,569180160,42141024256,5595594752,2.8,101243179008,6099103744,82600382464,7.0
37,2024-06-19T16:33:21.054210,0,0,136718,16242332078,50,48305799168,569180160,42141024256,5595594752,1.4,101243179008,6099804160,82599682048,7.0
38,2024-06-19T16:33:21.554817,0,0,99795,16242377951,46,48305799168,569180160,42141024256,5595594752,0.7,101243179008,6099804160,82599682048,7.0
39,2024-06-19T16:33:22.055501,0,0,100550,16242417816,46,48305799168,569180160,42141024256,5595594752,20.1,101243179008,6125035520,82574413824,7.1
40,2024-06-19T16:33:22.556051,0,0,100550,16242456266,45,48305799168,569180160,42141024256,5595594752,8.9,101243179008,6199894016,82499100672,7.1
41,2024-06-19T16:33:23.056819,0,0,100550,16242494657,45,48305799168,569180160,42141024256,5595594752,5.4,101243179008,6277054464,82421944320,7.2
42,2024-06-19T16:33:23.557201,0,0,77035,16242533429,45,48305799168,569180160,42141024256,5595594752,21.2,101243179008,6338695168,82360582144,7.3
43,2024-06-19T16:33:24.186827,0,0,77618,16242580586,45,48305799168,569180160,42141024256,5595594752,3.3,101243179008,6360301568,82338975744,7.3
44,2024-06-19T16:33:24.558348,0,0,77618,16242612194,44,48305799168,569180160,42141024256,5595594752,0.4,101243179008,6344548352,82354728960,7.3
45,2024-06-19T16:33:25.058948,0,0,77618,16242650929,44,48305799168,569180160,42141024256,5595594752,1.2,101243179008,6348546048,82350632960,7.3
46,2024-06-19T16:33:25.559604,0,0,78204,16242689646,44,48305799168,569180160,42141024256,5595594752,0.3,101243179008,6348546048,82350632960,7.3
47,2024-06-19T16:33:26.060150,0,0,78063,16242728362,44,48305799168,569180160,42141024256,5595594752,0.2,101243179008,6348800000,82350379008,7.3
48,2024-06-19T16:33:26.560814,0,0,78063,16242767856,44,48305799168,569180160,42141024256,5595594752,2.2,101243179008,6347980800,82351194112,7.3
49,2024-06-19T16:33:27.061587,0,0,78063,16242806560,44,48305799168,569180160,42141024256,5595594752,1.4,101243179008,6352580608,82346594304,7.3
50,2024-06-19T16:33:27.562083,0,0,77868,16242845208,44,48305799168,569180160,42141024256,5595594752,1.4,101243179008,6371356672,82327818240,7.3
51,2024-06-19T16:33:28.062911,0,0,77815,16242884010,44,48305799168,569180160,42141024256,5595594752,5.3,101243179008,6521577472,82177593344,7.5
52,2024-06-19T16:33:28.563201,0,0,77815,16242923705,44,48305799168,569180160,42141024256,5595594752,6.9,101243179008,6687997952,82011172864,7.6
53,2024-06-19T16:33:29.064122,0,6,78698,16242963611,44,48305799168,569180160,41814589440,5922029568,10.3,101243179008,7228186624,81460776960,8.2
54,2024-06-19T16:33:29.564494,0,9,79377,16243002703,44,48305799168,569180160,41296592896,6440026112,5.3,101243179008,7487799296,81194901504,8.4
55,2024-06-19T16:33:30.064984,11,17,118638,16243068925,50,48305799168,569180160,36548640768,11187978240,5.7,101243179008,7994662912,80687718400,8.9
56,2024-06-19T16:33:30.565604,62,96,208128,16243205098,54,48305799168,569180160,36548640768,11187978240,5.2,101243179008,7995396096,80686985216,8.9
57,2024-06-19T16:33:31.066130,62,96,283670,16243343048,55,48305799168,569180160,36548640768,11187978240,9.3,101243179008,8001368064,80680972288,8.9
58,2024-06-19T16:33:31.566681,64,93,270716,16243480859,55,48305799168,569180160,36548640768,11187978240,5.1,101243179008,8001368064,80680972288,8.9
59,2024-06-19T16:33:32.067299,67,97,275628,16243615988,52,48305799168,569180160,36548640768,11187978240,4.1,101243179008,8001503232,80680837120,8.9
60,2024-06-19T16:33:32.568007,0,0,188977,16243655705,48,48305799168,569180160,36548640768,11187978240,0.9,101243179008,8001761280,80680579072,8.9
61,2024-06-19T16:33:33.269275,0,0,134638,16243800997,55,48305799168,569180160,36548640768,11187978240,7.5,101243179008,8013422592,80668917760,9.0
62,2024-06-19T16:33:33.569035,62,96,219739,16243881377,56,48305799168,569180160,36548640768,11187978240,5.4,101243179008,7997509632,80684830720,8.9
63,2024-06-19T16:33:34.069516,61,96,267903,16244019028,57,48305799168,569180160,36548640768,11187978240,5.4,101243179008,7997538304,80684797952,8.9
64,2024-06-19T16:33:34.570179,62,96,279985,16244158607,57,48305799168,569180160,36548640768,11187978240,4.9,101243179008,7997538304,80684797952,8.9
65,2024-06-19T16:33:35.070859,51,69,259139,16244270409,52,48305799168,569180160,36548640768,11187978240,3.8,101243179008,7998562304,80683773952,8.9
66,2024-06-19T16:33:35.571418,0,0,144404,16244311523,50,48305799168,569180160,36548640768,11187978240,2.5,101243179008,7994970112,80687374336,8.9
67,2024-06-19T16:33:36.072015,61,96,138317,16244429259,57,48305799168,569180160,36548640768,11187978240,5.1,101243179008,7994089472,80688246784,8.9
68,2024-06-19T16:33:36.572591,64,95,231710,16244566958,58,48305799168,569180160,36548640768,11187978240,5.2,101243179008,7994089472,80688246784,8.9
69,2024-06-19T16:33:37.073168,62,96,278458,16244705721,58,48305799168,569180160,36548640768,11187978240,5.9,101243179008,7998988288,80683347968,8.9
70,2024-06-19T16:33:37.781556,62,96,269553,16244899587,56,48305799168,569180160,36548640768,11187978240,6.6,101243179008,8008761344,80673562624,9.0
71,2024-06-19T16:33:38.073847,67,93,223390,16244926347,52,48305799168,569180160,36548640768,11187978240,0.5,101243179008,8000471040,80681852928,8.9
72,2024-06-19T16:33:38.574460,14,22,170720,16244982135,51,48305799168,569180160,36548640768,11187978240,1.8,101243179008,8000675840,80681648128,8.9
73,2024-06-19T16:33:39.075002,0,0,98246,16245022013,50,48305799168,569180160,36548640768,11187978240,1.1,101243179008,8006070272,80676253696,8.9
74,2024-06-19T16:33:39.575630,0,0,97911,16245061612,49,48305799168,569180160,36548640768,11187978240,21.3,101243179008,8050126848,80632156160,9.0
75,2024-06-19T16:33:40.076180,0,0,97911,16245101736,49,48305799168,569180160,36548640768,11187978240,6.8,101243179008,8150499328,80531783680,9.1
76,2024-06-19T16:33:40.576750,0,0,78961,16245140963,48,48305799168,569180160,36548640768,11187978240,5.0,101243179008,8200126464,80481984512,9.1
77,2024-06-19T16:33:41.077178,0,0,78961,16245180204,48,48305799168,569180160,36548640768,11187978240,21.6,101243179008,8255119360,80426991616,9.2
78,2024-06-19T16:33:41.577899,0,0,78739,16245219317,48,48305799168,569180160,36548640768,11187978240,0.5,101243179008,8255467520,80426594304,9.2
79,2024-06-19T16:33:42.139334,0,0,78739,16245267036,48,48305799168,569180160,36548640768,11187978240,2.1,101243179008,8263454720,80418607104,9.2
80,2024-06-19T16:33:42.579085,0,0,78544,16245298529,48,48305799168,569180160,36548640768,11187978240,0.1,101243179008,8247451648,80434610176,9.2
81,2024-06-19T16:33:43.079492,0,0,78544,16245337559,48,48305799168,569180160,36548640768,11187978240,0.1,101243179008,8247451648,80434610176,9.2
82,2024-06-19T16:33:43.580247,0,0,78398,16245376535,48,48305799168,569180160,36548640768,11187978240,1.1,101243179008,8248991744,80433070080,9.2
83,2024-06-19T16:33:44.080876,0,0,78398,16245415491,48,48305799168,569180160,36548640768,11187978240,0.5,101243179008,8248795136,80433266688,9.2
84,2024-06-19T16:33:44.581355,0,0,85101,16245456033,47,48305799168,569180160,36548640768,11187978240,2.3,101243179008,8249450496,80432599040,9.2
85,2024-06-19T16:33:45.081707,0,0,85101,16245494983,47,48305799168,569180160,36548640768,11187978240,0.8,101243179008,8247640064,80434409472,9.2
86,2024-06-19T16:33:45.582261,0,0,81751,16245533890,47,48305799168,569180160,36548640768,11187978240,1.1,101243179008,8251568128,80430481408,9.2
87,2024-06-19T16:33:46.082765,0,0,81751,16245572876,47,48305799168,569180160,36548640768,11187978240,3.9,101243179008,8421040128,80260993024,9.4
88,2024-06-19T16:33:46.583431,0,0,78349,16245612927,47,48305799168,569180160,36548640768,11187978240,7.2,101243179008,8517406720,80164593664,9.5
89,2024-06-19T16:33:47.084223,0,5,79125,16245652746,47,48305799168,569180160,36224303104,11512315904,9.2,101243179008,8971669504,79700123648,9.9
90,2024-06-19T16:33:47.584589,0,1,79998,16245692000,47,48305799168,569180160,35704209408,12032409600,5.9,101243179008,9229697024,79435616256,10.2
91,2024-06-19T16:33:48.085031,0,0,88272,16245732262,51,48305799168,569180160,31732203520,16004415488,5.2,101243179008,9910054912,78755115008,10.8
92,2024-06-19T16:33:48.841348,61,95,184996,16245952620,57,48305799168,569180160,30956257280,16780361728,7.9,101243179008,9924440064,78740729856,10.9
93,2024-06-19T16:33:49.085823,60,92,266425,16246007610,57,48305799168,569180160,30956257280,16780361728,6.0,101243179008,9908678656,78756474880,10.8
94,2024-06-19T16:33:49.586523,62,96,280201,16246146800,58,48305799168,569180160,30956257280,16780361728,5.9,101243179008,9911504896,78753648640,10.8
95,2024-06-19T16:33:50.086952,62,98,284307,16246287822,59,48305799168,569180160,30956257280,16780361728,5.0,101243179008,9911496704,78753648640,10.8
96,2024-06-19T16:33:50.587603,0,0,197431,16246348574,52,48305799168,569180160,30956257280,16780361728,0.9,101243179008,9911496704,78753648640,10.8
97,2024-06-19T16:33:51.165161,0,0,148666,16246433637,57,48305799168,569180160,30956257280,16780361728,6.1,101243179008,9918193664,78746951680,10.9
98,2024-06-19T16:33:51.588666,62,96,193503,16246545325,59,48305799168,569180160,30956257280,16780361728,6.4,101243179008,9902977024,78762184704,10.8
99,2024-06-19T16:33:52.089089,61,96,274811,16246680910,59,48305799168,569180160,30956257280,16780361728,5.2,101243179008,9902968832,78762184704,10.8
100,2024-06-19T16:33:52.589751,62,96,278098,16246820454,60,48305799168,569180160,30956257280,16780361728,5.0,101243179008,9902968832,78762184704,10.8
101,2024-06-19T16:33:53.090173,65,94,282436,16246959592,57,48305799168,569180160,30956257280,16780361728,4.4,101243179008,9902968832,78762184704,10.8
102,2024-06-19T16:33:53.590923,0,0,189644,16247004623,53,48305799168,569180160,30956257280,16780361728,3.3,101243179008,9905033216,78760120320,10.8
103,2024-06-19T16:33:54.091604,44,73,162178,16247092704,59,48305799168,569180160,30956257280,16780361728,3.8,101243179008,9905033216,78760120320,10.8
104,2024-06-19T16:33:54.592065,62,92,219689,16247230289,60,48305799168,569180160,30956257280,16780361728,5.1,101243179008,9905274880,78759886848,10.8
105,2024-06-19T16:33:55.092640,61,96,271892,16247369012,61,48305799168,569180160,30956257280,16780361728,5.2,101243179008,9905258496,78759886848,10.8
106,2024-06-19T16:33:55.730422,62,96,265701,16247562857,61,48305799168,569180160,30956257280,16780361728,8.4,101243179008,9913245696,78751899648,10.8
107,2024-06-19T16:33:56.093425,56,74,239171,16247620341,56,48305799168,569180160,30956257280,16780361728,2.2,101243179008,9906278400,78758866944,10.8
108,2024-06-19T16:33:56.594113,0,0,176343,16247677208,55,48305799168,569180160,30956257280,16780361728,1.4,101243179008,9906278400,78758866944,10.8
109,2024-06-19T16:33:57.094638,0,0,100149,16247727423,53,48305799168,569180160,30956257280,16780361728,1.7,101243179008,9906278400,78758866944,10.8
110,2024-06-19T16:33:57.595030,0,0,98441,16247767663,52,48305799168,569180160,30956257280,16780361728,21.7,101243179008,9959116800,78705987584,10.9
111,2024-06-19T16:33:58.095674,0,0,98441,16247808828,52,48305799168,569180160,30956257280,16780361728,6.9,101243179008,10056183808,78608732160,11.0
112,2024-06-19T16:33:58.596243,0,0,80642,16247848648,51,48305799168,569180160,30956257280,16780361728,5.2,101243179008,10108309504,78556606464,11.0
113,2024-06-19T16:33:59.096828,0,0,80642,16247888379,51,48305799168,569180160,30956257280,16780361728,20.6,101243179008,10157309952,78507606016,11.1
114,2024-06-19T16:33:59.597320,0,0,80387,16247928079,51,48305799168,569180160,30956257280,16780361728,1.1,101243179008,10160087040,78504828928,11.1
115,2024-06-19T16:34:00.098398,0,0,80387,16247968911,51,48305799168,569180160,30956257280,16780361728,2.2,101243179008,10170122240,78494793728,11.1
116,2024-06-19T16:34:00.598788,0,0,79913,16248008486,51,48305799168,569180160,30956257280,16780361728,0.3,101243179008,10162028544,78502797312,11.1
117,2024-06-19T16:34:01.099342,0,0,79913,16248048063,50,48305799168,569180160,30956257280,16780361728,0.6,101243179008,10162012160,78502797312,11.1
118,2024-06-19T16:34:01.599961,0,0,79626,16248087589,50,48305799168,569180160,30956257280,16780361728,0.5,101243179008,10162024448,78502797312,11.1
119,2024-06-19T16:34:02.100749,0,0,79626,16248127111,50,48305799168,569180160,30956257280,16780361728,1.9,101243179008,10189037568,78475784192,11.1
120,2024-06-19T16:34:02.601469,0,0,79621,16248167957,50,48305799168,569180160,30956257280,16780361728,4.3,101243179008,10300522496,78364282880,11.2
121,2024-06-19T16:34:03.101921,0,0,79621,16248207415,50,48305799168,569180160,30956257280,16780361728,5.1,101243179008,10406838272,78257967104,11.3
122,2024-06-19T16:34:03.602641,0,6,81186,16248247819,50,48305799168,569180160,30631919616,17104699392,9.8,101243179008,10839379968,77814939648,11.8
123,2024-06-19T16:34:04.103171,0,1,80951,16248287847,50,48305799168,569180160,30111825920,17624793088,5.8,101243179008,11136200704,77512208384,12.1
124,2024-06-19T16:34:04.603870,0,0,81486,16248339895,54,48305799168,569180160,26139820032,21596798976,7.0,101243179008,11807961088,76839997440,12.7
125,2024-06-19T16:34:05.104186,63,93,165076,16248475442,58,48305799168,569180160,25363873792,22372745216,5.2,101243179008,11808448512,76839510016,12.7
126,2024-06-19T16:34:05.604738,62,96,259951,16248615399,60,48305799168,569180160,25363873792,22372745216,5.3,101243179008,11808448512,76839510016,12.7
127,2024-06-19T16:34:06.105340,61,96,274553,16248753829,60,48305799168,569180160,25363873792,22372745216,6.0,101243179008,11809476608,76838481920,12.7
128,2024-06-19T16:34:06.748890,62,96,279294,16248911620,58,48305799168,569180160,25363873792,22372745216,7.8,101243179008,11819757568,76828217344,12.7
129,2024-06-19T16:34:07.106410,0,0,213604,16248945082,54,48305799168,569180160,25363873792,22372745216,1.1,101243179008,11804102656,76843872256,12.7
130,2024-06-19T16:34:07.607059,20,33,169726,16249053977,59,48305799168,569180160,25363873792,22372745216,4.3,101243179008,11803996160,76843962368,12.7
131,2024-06-19T16:34:08.107692,61,96,218329,16249191542,61,48305799168,569180160,25363873792,22372745216,6.0,101243179008,11805528064,76842422272,12.7
132,2024-06-19T16:34:08.608213,62,92,264695,16249328009,62,48305799168,569180160,25363873792,22372745216,5.1,101243179008,11805528064,76842422272,12.7
133,2024-06-19T16:34:09.108811,62,96,279759,16249466509,62,48305799168,569180160,25363873792,22372745216,9.5,101243179008,11810701312,76837249024,12.7
134,2024-06-19T16:34:09.609487,68,97,241232,16249557394,57,48305799168,569180160,25363873792,22372745216,2.6,101243179008,11810684928,76837265408,12.7
135,2024-06-19T16:34:10.110171,3,4,177324,16249637980,60,48305799168,569180160,25363873792,22372745216,3.4,101243179008,11811454976,76836495360,12.7
136,2024-06-19T16:34:10.610508,61,96,216678,16249776245,62,48305799168,569180160,25363873792,22372745216,5.2,101243179008,11812225024,76835725312,12.7
137,2024-06-19T16:34:11.111286,62,96,277614,16249912888,63,48305799168,569180160,25363873792,22372745216,5.2,101243179008,11819966464,76827983872,12.7
138,2024-06-19T16:34:11.611795,61,96,272850,16250050452,63,48305799168,569180160,25363873792,22372745216,10.3,101243179008,11812732928,76835217408,12.7
139,2024-06-19T16:34:12.112202,64,99,263028,16250174135,60,48305799168,569180160,25363873792,22372745216,4.8,101243179008,11813781504,76834185216,12.7
140,2024-06-19T16:34:12.612770,0,0,185455,16250227995,59,48305799168,569180160,25363873792,22372745216,1.5,101243179008,11814285312,76833681408,12.7
141,2024-06-19T16:34:13.113275,0,0,125835,16250274766,55,48305799168,569180160,25363873792,22372745216,0.6,101243179008,11814277120,76833681408,12.7
142,2024-06-19T16:34:13.626823,0,0,105588,16250317212,55,48305799168,569180160,25363873792,22372745216,19.6,101243179008,11830476800,76817436672,12.8
143,2024-06-19T16:34:14.114280,0,0,84878,16250358582,54,48305799168,569180160,25363873792,22372745216,5.5,101243179008,11865067520,76782845952,12.8
144,2024-06-19T16:34:14.614849,0,0,84878,16250399580,54,48305799168,569180160,25363873792,22372745216,5.0,101243179008,11951218688,76696678400,12.9
145,2024-06-19T16:34:15.115437,0,0,83224,16250440436,53,48305799168,569180160,25363873792,22372745216,5.4,101243179008,11997437952,76650262528,12.9
146,2024-06-19T16:34:15.616043,0,0,83224,16250481263,53,48305799168,569180160,25363873792,22372745216,20.9,101243179008,12049018880,76598681600,13.0
147,2024-06-19T16:34:16.116472,0,0,82317,16250523198,53,48305799168,569180160,25363873792,22372745216,3.9,101243179008,12061593600,76586106880,13.0
148,2024-06-19T16:34:16.617216,0,0,82317,16250563902,53,48305799168,569180160,25363873792,22372745216,0.5,101243179008,12062797824,76584820736,13.0
149,2024-06-19T16:34:17.117960,0,0,82185,16250604501,53,48305799168,569180160,25363873792,22372745216,0.7,101243179008,12063055872,76584562688,13.0
150,2024-06-19T16:34:17.618690,0,0,82185,16250645114,53,48305799168,569180160,25363873792,22372745216,0.0,101243179008,12063285248,76584333312,13.0
151,2024-06-19T16:34:18.119174,0,0,81954,16250686803,53,48305799168,569180160,25363873792,22372745216,3.1,101243179008,12061728768,76585889792,13.0
152,2024-06-19T16:34:18.619969,0,0,81516,16250727304,52,48305799168,569180160,25363873792,22372745216,0.5,101243179008,12062212096,76585402368,13.0
153,2024-06-19T16:34:19.120808,0,0,81516,16250767795,52,48305799168,569180160,25363873792,22372745216,1.4,101243179008,12085620736,76561993728,13.0
154,2024-06-19T16:34:19.621222,0,0,81516,16250808376,52,48305799168,569180160,25363873792,22372745216,4.1,101243179008,12234522624,76413083648,13.2
155,2024-06-19T16:34:20.173774,0,0,81370,16250849577,52,48305799168,569180160,25363873792,22372745216,9.3,101243179008,12417982464,76229623808,13.3
156,2024-06-19T16:34:20.622391,0,6,82344,16250891769,52,48305799168,569180160,25037438976,22699180032,8.6,101243179008,12839710720,75797409792,13.8
157,2024-06-19T16:34:21.122905,0,8,83055,16250932731,52,48305799168,569180160,24519442432,23217176576,5.3,101243179008,13121392640,75509686272,14.1
158,2024-06-19T16:34:21.623344,1,2,82056,16250992990,57,48305799168,569180160,20547436544,27189182464,5.0,101243179008,13721546752,74909212672,14.6
159,2024-06-19T16:34:22.123947,62,96,176280,16251127098,60,48305799168,569180160,19771490304,27965128704,5.2,101243179008,13722550272,74908209152,14.6
160,2024-06-19T16:34:22.624490,62,96,257544,16251263137,61,48305799168,569180160,19771490304,27965128704,9.4,101243179008,13729198080,74901553152,14.7
161,2024-06-19T16:34:23.125050,61,96,278039,16251402279,61,48305799168,569180160,19771490304,27965128704,5.2,101243179008,13729198080,74901553152,14.7
162,2024-06-19T16:34:23.625638,65,95,282939,16251541152,61,48305799168,569180160,19771490304,27965128704,4.7,101243179008,13729198080,74901553152,14.7
163,2024-06-19T16:34:24.126344,0,0,208264,16251586013,56,48305799168,569180160,19771490304,27965128704,0.9,101243179008,13729452032,74901295104,14.7
164,2024-06-19T16:34:24.874622,61,96,159425,16251759373,63,48305799168,569180160,19771490304,27965128704,7.7,101243179008,13743869952,74886877184,14.7
165,2024-06-19T16:34:25.127248,62,96,244057,16251843135,63,48305799168,569180160,19771490304,27965128704,5.1,101243179008,13736361984,74894385152,14.7
166,2024-06-19T16:34:25.627735,62,96,278979,16251981666,64,48305799168,569180160,19771490304,27965128704,5.4,101243179008,13736353792,74894385152,14.7
167,2024-06-19T16:34:26.128394,60,96,270693,16252121197,64,48305799168,569180160,19771490304,27965128704,5.0,101243179008,13736353792,74894385152,14.7
168,2024-06-19T16:34:26.628836,67,97,250938,16252208419,58,48305799168,569180160,19771490304,27965128704,2.9,101243179008,13736841216,74893897728,14.7
169,2024-06-19T16:34:27.129524,0,0,155384,16252251816,57,48305799168,569180160,19771490304,27965128704,2.8,101243179008,13738631168,74892107776,14.7
170,2024-06-19T16:34:27.629962,62,92,163606,16252382532,63,48305799168,569180160,19771490304,27965128704,5.1,101243179008,13738631168,74892107776,14.7
171,2024-06-19T16:34:28.130632,62,96,259439,16252519746,64,48305799168,569180160,19771490304,27965128704,5.1,101243179008,13738631168,74892107776,14.7
172,2024-06-19T16:34:28.631105,61,96,276416,16252655238,64,48305799168,569180160,19771490304,27965128704,6.1,101243179008,13738889216,74891849728,14.7
173,2024-06-19T16:34:29.140961,61,96,270854,16252795727,65,48305799168,569180160,19771490304,27965128704,5.6,101243179008,13746102272,74884636672,14.7
174,2024-06-19T16:34:29.632284,50,68,235198,16252870121,58,48305799168,569180160,19771490304,27965128704,4.1,101243179008,13730590720,74900131840,14.7
175,2024-06-19T16:34:30.132883,5,7,162998,16252928967,58,48305799168,569180160,19771490304,27965128704,1.9,101243179008,13730598912,74900131840,14.7
176,2024-06-19T16:34:30.633337,0,0,106724,16252971079,56,48305799168,569180160,19771490304,27965128704,8.7,101243179008,13743419392,74887262208,14.7
177,2024-06-19T16:34:31.134035,0,0,106324,16253012899,56,48305799168,569180160,19771490304,27965128704,14.9,101243179008,13805867008,74824814592,14.7
178,2024-06-19T16:34:31.634634,0,0,106324,16253054951,55,48305799168,569180160,19771490304,27965128704,7.2,101243179008,13898223616,74732236800,14.8
179,2024-06-19T16:34:32.135034,0,0,82685,16253096070,55,48305799168,569180160,19771490304,27965128704,12.1,101243179008,13961187328,74669273088,14.9
180,2024-06-19T16:34:32.635650,0,0,82685,16253137153,55,48305799168,569180160,19771490304,27965128704,13.1,101243179008,13985153024,74645307392,14.9
181,2024-06-19T16:34:33.136272,0,0,82425,16253177996,54,48305799168,569180160,19771490304,27965128704,0.7,101243179008,13985153024,74645307392,14.9
182,2024-06-19T16:34:33.731847,0,0,82425,16253227818,54,48305799168,569180160,19771490304,27965128704,1.9,101243179008,13998747648,74631630848,14.9
183,2024-06-19T16:34:34.137573,0,0,82202,16253260752,54,48305799168,569180160,19771490304,27965128704,0.1,101243179008,13991006208,74639372288,14.9
184,2024-06-19T16:34:34.638039,0,0,82202,16253301434,54,48305799168,569180160,19771490304,27965128704,1.1,101243179008,13996167168,74634211328,14.9
185,2024-06-19T16:34:35.138838,0,0,81954,16253342085,54,48305799168,569180160,19771490304,27965128704,0.4,101243179008,13996167168,74634211328,14.9
186,2024-06-19T16:34:35.639263,0,0,81954,16253382714,54,48305799168,569180160,19771490304,27965128704,0.4,101243179008,13996167168,74634211328,14.9
187,2024-06-19T16:34:36.139939,0,0,88385,16253424939,54,48305799168,569180160,19771490304,27965128704,2.2,101243179008,13995884544,74634481664,14.9
188,2024-06-19T16:34:36.640690,0,0,88385,16253465580,53,48305799168,569180160,19771490304,27965128704,2.4,101243179008,14018002944,74612363264,14.9
189,2024-06-19T16:34:37.141482,0,0,85196,16253506113,53,48305799168,569180160,19771490304,27965128704,4.6,101243179008,14166638592,74463727616,15.1
190,2024-06-19T16:34:37.642520,0,0,85196,16253546646,53,48305799168,569180160,19755958272,27980660736,9.7,101243179008,14395449344,74234916864,15.3
191,2024-06-19T16:34:38.142609,0,0,82871,16253589170,53,48305799168,569180160,19445055488,28291563520,5.7,101243179008,14830632960,73789247488,15.7
192,2024-06-19T16:34:38.643182,0,10,84040,16253630360,53,48305799168,569180160,18927058944,28809560064,5.7,101243179008,15056433152,73557536768,16.0
193,2024-06-19T16:34:39.143852,0,0,100500,16253686548,58,48305799168,569180160,14955053056,32781565952,5.3,101243179008,15653650432,72959868928,16.6
194,2024-06-19T16:34:39.644358,61,95,180767,16253819626,61,48305799168,569180160,14179106816,33557512192,5.1,101243179008,15654154240,72959365120,16.6
195,2024-06-19T16:34:40.463235,61,95,267814,16254041012,62,48305799168,569180160,14179106816,33557512192,7.1,101243179008,15667302400,72946216960,16.6
196,2024-06-19T16:34:40.645111,62,96,280308,16254096643,62,48305799168,569180160,14179106816,33557512192,6.8,101243179008,15659556864,72953962496,16.6
197,2024-06-19T16:34:41.145660,62,98,274012,16254235253,62,48305799168,569180160,14179106816,33557512192,5.0,101243179008,15661617152,72951902208,16.6
198,2024-06-19T16:34:41.646340,0,0,194703,16254285997,57,48305799168,569180160,14179106816,33557512192,0.8,101243179008,15661875200,72951644160,16.6
199,2024-06-19T16:34:42.147036,0,0,137057,16254362507,61,48305799168,569180160,14179106816,33557512192,3.1,101243179008,15662645248,72950874112,16.6
200,2024-06-19T16:34:42.806512,59,92,161702,16254556121,64,48305799168,569180160,14179106816,33557512192,8.4,101243179008,15673950208,72939560960,16.6
201,2024-06-19T16:34:43.147922,61,96,271063,16254638117,64,48305799168,569180160,14179106816,33557512192,5.4,101243179008,15658205184,72955305984,16.6
202,2024-06-19T16:34:43.648547,61,95,276908,16254774517,65,48305799168,569180160,14179106816,33557512192,5.3,101243179008,15658934272,72954544128,16.6
203,2024-06-19T16:34:44.149202,63,96,274411,16254905217,61,48305799168,569180160,14179106816,33557512192,3.9,101243179008,15658934272,72954544128,16.6
204,2024-06-19T16:34:44.649820,0,0,179019,16254947940,60,48305799168,569180160,14179106816,33557512192,1.4,101243179008,15659675648,72953802752,16.6
205,2024-06-19T16:34:45.163192,20,33,173514,16255079798,64,48305799168,569180160,14179106816,33557512192,9.2,101243179008,15672578048,72940900352,16.6
206,2024-06-19T16:34:45.650900,61,95,258838,16255216750,65,48305799168,569180160,14179106816,33557512192,5.1,101243179008,15664861184,72948649984,16.6
207,2024-06-19T16:34:46.151422,61,94,280495,16255354536,66,48305799168,569180160,14179106816,33557512192,5.2,101243179008,15665119232,72948391936,16.6
208,2024-06-19T16:34:46.651961,63,98,283139,16255496191,66,48305799168,569180160,14179106816,33557512192,5.2,101243179008,15665119232,72948391936,16.6
209,2024-06-19T16:34:47.152598,16,25,231175,16255569924,59,48305799168,569180160,14179106816,33557512192,2.2,101243179008,15666106368,72947363840,16.6
210,2024-06-19T16:34:47.653439,22,34,149165,16255630700,59,48305799168,569180160,14179106816,33557512192,3.7,101243179008,15660650496,72952819712,16.6
211,2024-06-19T16:34:48.153800,0,0,91181,16255673185,58,48305799168,569180160,14179106816,33557512192,19.4,101243179008,15678279680,72935071744,16.6
212,2024-06-19T16:34:48.654428,0,0,90800,16255715363,57,48305799168,569180160,14179106816,33557512192,4.9,101243179008,15749496832,72863854592,16.7
213,2024-06-19T16:34:49.154917,0,0,90800,16255757177,57,48305799168,569180160,14179106816,33557512192,5.8,101243179008,15828688896,72784662528,16.7
214,2024-06-19T16:34:49.655485,0,0,83924,16255800161,56,48305799168,569180160,14179106816,33557512192,9.0,101243179008,15878238208,72735121408,16.8
215,2024-06-19T16:34:50.156166,0,0,83924,16255841930,56,48305799168,569180160,14179106816,33557512192,16.6,101243179008,15901581312,72711639040,16.8
216,2024-06-19T16:34:50.656879,0,0,83885,16255883595,56,48305799168,569180160,14179106816,33557512192,0.5,101243179008,15902355456,72710864896,16.8
217,2024-06-19T16:34:51.157522,0,0,83885,16255925039,56,48305799168,569180160,14179106816,33557512192,1.1,101243179008,15906971648,72706248704,16.8
218,2024-06-19T16:34:51.755531,0,0,83664,16255975470,56,48305799168,569180160,14179106816,33557512192,1.8,101243179008,15916765184,72696455168,16.8
219,2024-06-19T16:34:52.158606,0,0,83664,16256009112,55,48305799168,569180160,14179106816,33557512192,0.1,101243179008,15909023744,72704196608,16.8
220,2024-06-19T16:34:52.659330,0,0,83221,16256050425,55,48305799168,569180160,14179106816,33557512192,0.5,101243179008,15910055936,72703168512,16.8
221,2024-06-19T16:34:53.160091,0,0,83221,16256091624,55,48305799168,569180160,14179106816,33557512192,1.3,101243179008,15911477248,72701706240,16.8
222,2024-06-19T16:34:53.660786,0,0,82977,16256133050,55,48305799168,569180160,14179106816,33557512192,2.5,101243179008,15968972800,72644202496,16.9
223,2024-06-19T16:34:54.161487,0,0,82977,16256175051,55,48305799168,569180160,14179106816,33557512192,7.0,101243179008,16086097920,72527077376,17.0
224,2024-06-19T16:34:54.662064,0,0,83487,16256216848,55,48305799168,569180160,13854769152,33881849856,9.1,101243179008,16388296704,72214401024,17.3
225,2024-06-19T16:34:55.162600,0,1,83557,16256258528,55,48305799168,569180160,13611499520,34125119488,5.6,101243179008,16896417792,71706279936,17.8
226,2024-06-19T16:34:55.663527,0,1,84277,16256300110,55,48305799168,569180160,13334675456,34401943552,5.1,101243179008,17362997248,71233789952,18.3
227,2024-06-19T16:34:56.164010,21,35,102128,16256376547,57,48305799168,569180160,8586723328,39149895680,6.1,101243179008,17585311744,71011155968,18.5
228,2024-06-19T16:34:56.664538,61,96,205011,16256500554,63,48305799168,569180160,8586723328,39149895680,5.2,101243179008,17585549312,71010918400,18.5
229,2024-06-19T16:34:57.165033,60,92,258515,16256638715,64,48305799168,569180160,8586723328,39149895680,6.2,101243179008,17587064832,71009402880,18.5
230,2024-06-19T16:34:57.665761,62,96,281674,16256778744,64,48305799168,569180160,8586723328,39149895680,5.2,101243179008,17586610176,71009857536,18.5
231,2024-06-19T16:34:58.166509,67,96,282384,16256918606,62,48305799168,569180160,8586723328,39149895680,4.6,101243179008,17594687488,71001681920,18.5
232,2024-06-19T16:34:58.666836,0,0,194517,16256968032,58,48305799168,569180160,8586723328,39149895680,2.8,101243179008,17587187712,71009173504,18.5
233,2024-06-19T16:34:59.167283,62,96,198981,16257090387,64,48305799168,569180160,8586723328,39149895680,5.7,101243179008,17587703808,71008657408,18.5
234,2024-06-19T16:34:59.668015,61,96,256250,16257229741,65,48305799168,569180160,8586723328,39149895680,5.5,101243179008,17588477952,71007883264,18.5
235,2024-06-19T16:35:00.168631,61,96,280977,16257397294,66,48305799168,569180160,8586723328,39149895680,5.2,101243179008,17588477952,71007883264,18.5
236,2024-06-19T16:35:00.717558,61,96,273996,16257537096,66,48305799168,569180160,8586723328,39149895680,8.6,101243179008,17601380352,70994980864,18.5
237,2024-06-19T16:35:01.169738,0,0,227467,16257593993,60,48305799168,569180160,8586723328,39149895680,1.2,101243179008,17585348608,71011012608,18.5
238,2024-06-19T16:35:01.670227,40,67,202975,16257682099,65,48305799168,569180160,8586723328,39149895680,4.7,101243179008,17586622464,71009738752,18.5
239,2024-06-19T16:35:02.170831,60,92,227158,16257822219,66,48305799168,569180160,8586723328,39149895680,5.1,101243179008,17586622464,71009738752,18.5
240,2024-06-19T16:35:02.671585,61,96,281731,16257962201,66,48305799168,569180160,8586723328,39149895680,5.2,101243179008,17586622464,71009738752,18.5
241,2024-06-19T16:35:03.172028,61,96,272397,16258101201,67,48305799168,569180160,8586723328,39149895680,9.0,101243179008,17586618368,71009742848,18.5
242,2024-06-19T16:35:03.672676,62,86,241786,16258231827,62,48305799168,569180160,8586723328,39149895680,4.1,101243179008,17586606080,71009746944,18.5
243,2024-06-19T16:35:04.173268,16,26,184911,16258292060,61,48305799168,569180160,8586723328,39149895680,1.4,101243179008,17586601984,71009746944,18.5
244,2024-06-19T16:35:04.673542,0,0,108440,16258334791,59,48305799168,569180160,8586723328,39149895680,1.5,101243179008,17586794496,71009509376,18.5
245,2024-06-19T16:35:05.311834,0,0,107496,16258387009,58,48305799168,569180160,8586723328,39149895680,17.7,101243179008,17638989824,70957191168,18.5
246,2024-06-19T16:35:05.675084,0,0,107496,16258420968,58,48305799168,569180160,8586723328,39149895680,6.3,101243179008,17697271808,70898909184,18.6
247,2024-06-19T16:35:06.175502,0,0,84737,16258462976,57,48305799168,569180160,8586723328,39149895680,5.1,101243179008,17762029568,70834151424,18.7
248,2024-06-19T16:35:06.675968,0,0,84737,16258504949,57,48305799168,569180160,8586723328,39149895680,21.1,101243179008,17820217344,70775873536,18.7
249,2024-06-19T16:35:07.176710,0,0,84366,16258546840,57,48305799168,569180160,8586723328,39149895680,1.7,101243179008,17831051264,70765039616,18.7
250,2024-06-19T16:35:07.677298,0,0,84366,16258589529,56,48305799168,569180160,8586723328,39149895680,2.7,101243179008,17836453888,70759636992,18.7
251,2024-06-19T16:35:08.178078,0,0,83999,16258631203,56,48305799168,569180160,8586723328,39149895680,0.6,101243179008,17836326912,70759673856,18.7
252,2024-06-19T16:35:08.678679,0,0,83999,16258672878,56,48305799168,569180160,8586723328,39149895680,0.3,101243179008,17836572672,70759428096,18.7
253,2024-06-19T16:35:09.179228,0,0,83755,16258714488,56,48305799168,569180160,8586723328,39149895680,0.1,101243179008,17836572672,70759428096,18.7
254,2024-06-19T16:35:09.681479,0,0,83755,16258757391,56,48305799168,569180160,8586723328,39149895680,4.7,101243179008,17845653504,70750343168,18.7
255,2024-06-19T16:35:10.180524,0,0,83610,16258798855,56,48305799168,569180160,8586723328,39149895680,1.1,101243179008,17859776512,70736220160,18.8
256,2024-06-19T16:35:10.681007,0,0,83610,16258840380,55,48305799168,569180160,8586723328,39149895680,3.8,101243179008,18008440832,70587555840,18.9
257,2024-06-19T16:35:11.181753,0,0,83600,16258881849,55,48305799168,569180160,8586723328,39149895680,5.2,101243179008,18139303936,70456688640,19.0
258,2024-06-19T16:35:11.682533,0,6,84238,16258924383,55,48305799168,569180160,8260288512,39476330496,10.1,101243179008,18602369024,69983166464,19.5
259,2024-06-19T16:35:12.182957,0,0,84849,16258967365,55,48305799168,569180160,7891189760,39845429248,7.0,101243179008,18808045568,69777489920,19.7
260,2024-06-19T16:35:12.683580,0,0,85644,16259009173,55,48305799168,569180160,7740194816,39996424192,5.3,101243179008,19379617792,69200007168,20.3
261,2024-06-19T16:35:13.184188,61,95,158562,16259130262,62,48305799168,569180160,2992242688,44744376320,5.0,101243179008,19493449728,69085696000,20.4
262,2024-06-19T16:35:13.684927,64,94,242982,16259267612,63,48305799168,569180160,2992242688,44744376320,5.8,101243179008,19495735296,69083410432,20.4
263,2024-06-19T16:35:14.222920,62,95,281308,16259408461,64,48305799168,569180160,2992242688,44744376320,8.3,101243179008,19508088832,69071024128,20.4
264,2024-06-19T16:35:14.685838,61,96,279388,16259546947,65,48305799168,569180160,2992242688,44744376320,5.3,101243179008,19500400640,69078753280,20.4
265,2024-06-19T16:35:15.186455,67,94,246912,16259631261,60,48305799168,569180160,2992242688,44744376320,2.2,101243179008,19500625920,69078519808,20.4
266,2024-06-19T16:35:15.687069,0,0,157027,16259673915,58,48305799168,569180160,2992242688,44744376320,1.7,101243179008,19502800896,69076336640,20.4
267,2024-06-19T16:35:16.187676,58,89,149180,16259808811,65,48305799168,569180160,2992242688,44744376320,5.1,101243179008,19502800896,69076336640,20.4
268,2024-06-19T16:35:16.688274,62,96,242869,16259946079,65,48305799168,569180160,2992242688,44744376320,8.4,101243179008,19502608384,69076529152,20.4
269,2024-06-19T16:35:17.188850,61,96,278167,16260083234,66,48305799168,569180160,2992242688,44744376320,5.2,101243179008,19502600192,69076537344,20.4
270,2024-06-19T16:35:17.689291,61,96,275345,16260223359,66,48305799168,569180160,2992242688,44744376320,5.7,101243179008,19502657536,69076480000,20.4
271,2024-06-19T16:35:18.190157,0,0,215065,16260293722,60,48305799168,569180160,2992242688,44744376320,1.6,101243179008,19502657536,69076480000,20.4
272,2024-06-19T16:35:18.915900,29,49,170680,16260449199,65,48305799168,569180160,2992242688,44744376320,6.8,101243179008,19515695104,69063442432,20.4
273,2024-06-19T16:35:19.191134,61,96,236037,16260533398,66,48305799168,569180160,2992242688,44744376320,5.0,101243179008,19499692032,69079445504,20.4
274,2024-06-19T16:35:19.691561,60,92,275381,16260670395,66,48305799168,569180160,2992242688,44744376320,5.2,101243179008,19499683840,69079445504,20.4
275,2024-06-19T16:35:20.192390,61,95,276836,16260809755,67,48305799168,569180160,2992242688,44744376320,5.8,101243179008,19501223936,69077913600,20.4
276,2024-06-19T16:35:20.692907,68,97,271642,16260918951,63,48305799168,569180160,2992242688,44744376320,3.4,101243179008,19501223936,69077913600,20.4
277,2024-06-19T16:35:21.193503,7,11,195832,16260978398,61,48305799168,569180160,2992242688,44744376320,3.9,101243179008,19495116800,69084020736,20.4
278,2024-06-19T16:35:21.694233,0,0,105739,16261021525,59,48305799168,569180160,2992242688,44744376320,0.9,101243179008,19495374848,69083762688,20.4
279,2024-06-19T16:35:22.194802,0,0,104371,16261064416,59,48305799168,569180160,2992242688,44744376320,19.5,101243179008,19513569280,69065564160,20.4
280,2024-06-19T16:35:22.695372,0,0,104371,16261106754,58,48305799168,569180160,2992242688,44744376320,4.9,101243179008,19585794048,68993339392,20.5
281,2024-06-19T16:35:23.334222,0,0,85242,16261158260,58,48305799168,569180160,2992242688,44744376320,6.6,101243179008,19686178816,68892753920,20.6
282,2024-06-19T16:35:23.696307,0,0,85242,16261192582,58,48305799168,569180160,2992242688,44744376320,27.4,101243179008,19720208384,68858724352,20.6
283,2024-06-19T16:35:24.197131,0,0,85145,16261234815,57,48305799168,569180160,2992242688,44744376320,3.5,101243179008,19735429120,68843503616,20.6
284,2024-06-19T16:35:24.697908,0,0,85145,16261276947,57,48305799168,569180160,2992242688,44744376320,0.2,101243179008,19735429120,68843503616,20.6
285,2024-06-19T16:35:25.198608,0,0,84876,16261319030,57,48305799168,569180160,2992242688,44744376320,0.1,101243179008,19735818240,68843016192,20.6
286,2024-06-19T16:35:25.699214,0,0,84876,16261361887,57,48305799168,569180160,2992242688,44744376320,2.0,101243179008,19740717056,68838117376,20.6
287,2024-06-19T16:35:26.199970,0,0,84535,16261403887,57,48305799168,569180160,2992242688,44744376320,1.1,101243179008,19741483008,68837351424,20.6
288,2024-06-19T16:35:26.700436,0,0,84535,16261445796,57,48305799168,569180160,2992242688,44744376320,0.2,101243179008,19741978624,68836855808,20.6
289,2024-06-19T16:35:27.201238,0,0,84292,16261487652,56,48305799168,569180160,2992242688,44744376320,0.5,101243179008,19742494720,68836339712,20.6
290,2024-06-19T16:35:27.708214,0,0,84292,16261530507,57,48305799168,569180160,2992242688,44744376320,2.4,101243179008,19753287680,68825546752,20.7
291,2024-06-19T16:35:28.202428,0,0,84097,16261572633,56,48305799168,569180160,2992242688,44744376320,0.7,101243179008,19745480704,68833300480,20.6
292,2024-06-19T16:35:28.703061,0,0,84097,16261614425,56,48305799168,569180160,2992242688,44744376320,0.9,101243179008,19745480704,68833300480,20.6
293,2024-06-19T16:35:29.203640,0,0,84000,16261656227,56,48305799168,569180160,2992242688,44744376320,3.0,101243179008,19841421312,68737359872,20.7
294,2024-06-19T16:35:29.704228,0,0,84000,16261697893,56,48305799168,569180160,2992242688,44744376320,5.2,101243179008,19951607808,68627173376,20.8
295,2024-06-19T16:35:30.205046,0,0,85963,16261741758,56,48305799168,569180160,2667905024,45068713984,11.2,101243179008,20285820928,68282753024,21.2
296,2024-06-19T16:35:30.705250,0,1,85538,16261783832,56,48305799168,569180160,2298806272,45437812736,5.4,101243179008,20719972352,67848232960,21.6
297,2024-06-19T16:35:31.205984,0,1,85052,16261825852,56,48305799168,569180160,2147811328,45588807680,5.1,101243179008,21285093376,67277201408,22.2
298,2024-06-19T16:35:31.706571,10,16,84663,16261875452,56,48305799168,569180160,73728000,47662891008,21.5,101243179008,21434273792,67127676928,22.3
299,2024-06-19T16:35:32.207012,0,0,85606,16261918517,56,48305799168,569180160,73728000,47662891008,7.6,101243179008,21530206208,67031744512,22.4
300,2024-06-19T16:35:32.707771,0,0,85610,16261960156,56,48305799168,569180160,73728000,47662891008,5.1,101243179008,21578506240,66983235584,22.5
301,2024-06-19T16:35:33.208286,0,0,85610,16262001694,56,48305799168,569180160,73728000,47662891008,21.1,101243179008,21633441792,66928300032,22.5
302,2024-06-19T16:35:33.709065,0,0,83703,16262043183,55,48305799168,569180160,73728000,47662891008,1.2,101243179008,21640404992,66921336832,22.5
303,2024-06-19T16:35:34.252999,0,0,83703,16262085494,56,48305799168,569180160,73728000,47662891008,2.5,101243179008,21649514496,66912104448,22.5
304,2024-06-19T16:35:34.710161,0,0,85535,16262127632,55,48305799168,569180160,73728000,47662891008,0.4,101243179008,21633970176,66927648768,22.5
305,2024-06-19T16:35:35.210745,0,0,85535,16262169060,55,48305799168,569180160,73728000,47662891008,0.0,101243179008,21633970176,66927648768,22.5
306,2024-06-19T16:35:35.711580,0,0,85437,16262210468,55,48305799168,569180160,73728000,47662891008,0.7,101243179008,21635002368,66926616576,22.5
307,2024-06-19T16:35:36.212183,0,0,85437,16262251894,55,48305799168,569180160,73728000,47662891008,1.1,101243179008,21639610368,66922004480,22.5
308,2024-06-19T16:35:36.712845,0,0,83463,16262293998,55,48305799168,569180160,73728000,47662891008,3.2,101243179008,21667131392,66894483456,22.6
309,2024-06-19T16:35:37.213475,0,0,83463,16262335388,55,48305799168,569180160,73728000,47662891008,4.1,101243179008,21815771136,66745827328,22.7
310,2024-06-19T16:35:37.714039,0,0,83406,16262376712,55,48305799168,569180160,73728000,47662891008,5.2,101243179008,21988147200,66573451264,22.9
311,2024-06-19T16:35:38.214701,0,3,84101,16262419398,55,48305799168,569180160,73728000,47662891008,25.4,101243179008,22026960896,66534580224,22.9
312,2024-06-19T16:35:38.715302,0,0,85184,16262462059,55,48305799168,569180160,73728000,47662891008,6.5,101243179008,22064058368,66497269760,22.9
313,2024-06-19T16:35:39.215929,0,0,84811,16262503478,55,48305799168,569180160,73728000,47662891008,5.2,101243179008,22156959744,66404372480,23.0
314,2024-06-19T16:35:39.716425,0,0,84811,16262544747,55,48305799168,569180160,73728000,47662891008,5.0,101243179008,22223536128,66337796096,23.1
315,2024-06-19T16:35:40.217251,0,0,83157,16262586031,54,48305799168,569180160,73728000,47662891008,20.0,101243179008,22256586752,66304573440,23.1
316,2024-06-19T16:35:40.784869,0,0,83157,16262636564,55,48305799168,569180160,73728000,47662891008,2.2,101243179008,22268166144,66292994048,23.2
317,2024-06-19T16:35:41.218287,0,0,83100,16262669672,54,48305799168,569180160,73728000,47662891008,0.5,101243179008,22260920320,66300239872,23.1
318,2024-06-19T16:35:41.719043,0,0,83100,16262710873,54,48305799168,569180160,73728000,47662891008,0.3,101243179008,22260920320,66300239872,23.1
319,2024-06-19T16:35:42.219605,0,0,82927,16262752041,54,48305799168,569180160,73728000,47662891008,0.6,101243179008,22260920320,66300239872,23.1
320,2024-06-19T16:35:42.720358,0,0,82927,16262793189,54,48305799168,569180160,73728000,47662891008,0.9,101243179008,22266818560,66294341632,23.1
321,2024-06-19T16:35:43.220986,0,0,89553,16262835813,54,48305799168,569180160,73728000,47662891008,2.6,101243179008,22270857216,66290257920,23.2
322,2024-06-19T16:35:43.721633,0,0,89553,16262877113,54,48305799168,569180160,73728000,47662891008,1.7,101243179008,22298947584,66262167552,23.2
323,2024-06-19T16:35:44.222247,0,0,86217,16262918224,54,48305799168,569180160,73728000,47662891008,4.7,101243179008,22447558656,66113548288,23.3
324,2024-06-19T16:35:44.725142,0,0,83469,16262959273,54,48305799168,569180160,58195968,47678423040,9.6,101243179008,22674817024,65886289920,23.6
325,2024-06-19T16:35:45.223299,0,0,85333,16263002859,54,48305799168,569180160,73728000,47662891008,22.6,101243179008,22648475648,65912598528,23.5
326,2024-06-19T16:35:45.723891,0,0,84690,16263044132,54,48305799168,569180160,73728000,47662891008,5.0,101243179008,22705213440,65855860736,23.6
327,2024-06-19T16:35:46.224598,0,0,84366,16263085235,54,48305799168,569180160,73728000,47662891008,5.4,101243179008,22781079552,65779994624,23.7
328,2024-06-19T16:35:46.725097,0,0,84366,16263126257,54,48305799168,569180160,73728000,47662891008,8.8,101243179008,22843445248,65717334016,23.7
329,2024-06-19T16:35:47.316219,0,0,82667,16263176248,54,48305799168,569180160,73728000,47662891008,15.6,101243179008,22879272960,65681506304,23.8
330,2024-06-19T16:35:47.726172,0,0,82667,16263209427,54,48305799168,569180160,73728000,47662891008,0.9,101243179008,22872424448,65688256512,23.7
331,2024-06-19T16:35:48.226838,0,0,82565,16263250426,54,48305799168,569180160,73728000,47662891008,0.1,101243179008,22873161728,65687519232,23.7
332,2024-06-19T16:35:48.727604,0,0,82565,16263291361,54,48305799168,569180160,73728000,47662891008,0.9,101243179008,22875213824,65685467136,23.8
333,2024-06-19T16:35:49.228263,0,0,82344,16263332307,54,48305799168,569180160,73728000,47662891008,0.6,101243179008,22875463680,65685209088,23.8
334,2024-06-19T16:35:49.728953,0,0,82344,16263374168,54,48305799168,569180160,73728000,47662891008,2.1,101243179008,22876733440,65683939328,23.8
335,2024-06-19T16:35:50.229580,0,0,82246,16263415129,53,48305799168,569180160,73728000,47662891008,0.9,101243179008,22877765632,65682907136,23.8
336,2024-06-19T16:35:50.730180,0,0,82246,16263456068,53,48305799168,569180160,73728000,47662891008,4.5,101243179008,22995730432,65564938240,23.9
337,2024-06-19T16:35:51.230754,0,0,82246,16263496914,53,48305799168,569180160,73728000,47662891008,5.0,101243179008,23091208192,65469460480,24.0
338,2024-06-19T16:35:51.737314,0,0,82246,16263538727,54,48305799168,569180160,58195968,47678423040,11.1,101243179008,23288287232,65272381440,24.2
339,2024-06-19T16:35:52.232128,0,4,85517,16263581132,53,48305799168,569180160,73728000,47662891008,21.6,101243179008,23272869888,65287630848,24.1
340,2024-06-19T16:35:52.732806,0,0,84297,16263622147,53,48305799168,569180160,73728000,47662891008,5.7,101243179008,23347621888,65212862464,24.2
341,2024-06-19T16:35:53.233558,0,0,83146,16263663071,53,48305799168,569180160,73728000,47662891008,5.2,101243179008,23420391424,65140092928,24.3
342,2024-06-19T16:35:53.734182,0,0,83146,16263703901,53,48305799168,569180160,73728000,47662891008,21.0,101243179008,23487922176,65072562176,24.4
343,2024-06-19T16:35:54.234601,0,0,88969,16263745932,53,48305799168,569180160,73728000,47662891008,3.5,101243179008,23490469888,65070014464,24.4
344,2024-06-19T16:35:54.735196,0,0,88969,16263786757,53,48305799168,569180160,73728000,47662891008,1.1,101243179008,23492894720,65067466752,24.4
345,2024-06-19T16:35:55.235978,0,0,85438,16263827537,53,48305799168,569180160,73728000,47662891008,0.5,101243179008,23492755456,65067466752,24.4
346,2024-06-19T16:35:55.736682,0,0,85438,16263868298,53,48305799168,569180160,73728000,47662891008,0.5,101243179008,23492755456,65067466752,24.4
347,2024-06-19T16:35:56.237267,0,0,82002,16263910361,53,48305799168,569180160,73728000,47662891008,1.8,101243179008,23485267968,65074954240,24.4
348,2024-06-19T16:35:56.737727,0,0,82002,16263951151,53,48305799168,569180160,73728000,47662891008,1.4,101243179008,23487123456,65073094656,24.4
349,2024-06-19T16:35:57.238555,0,0,82051,16263991896,53,48305799168,569180160,73728000,47662891008,0.3,101243179008,23487049728,65073160192,24.4
350,2024-06-19T16:35:57.739235,0,0,82051,16264032638,53,48305799168,569180160,73728000,47662891008,1.8,101243179008,23508426752,65051783168,24.4
351,2024-06-19T16:35:58.239628,0,0,81954,16264074224,53,48305799168,569180160,73728000,47662891008,5.7,101243179008,23657779200,64902365184,24.5
352,2024-06-19T16:35:58.740464,0,0,81954,16264115188,53,48305799168,569180160,73728000,47662891008,7.2,101243179008,23831420928,64728748032,24.7
353,2024-06-19T16:35:59.241079,0,5,84292,16264157174,53,48305799168,569180160,73728000,47662891008,27.2,101243179008,23860326400,64699826176,24.7
354,2024-06-19T16:35:59.741536,0,0,83803,16264198071,53,48305799168,569180160,73728000,47662891008,5.1,101243179008,23923220480,64636637184,24.8
355,2024-06-19T16:36:00.242066,0,0,83059,16264238883,53,48305799168,569180160,73728000,47662891008,5.3,101243179008,24015855616,64544002048,24.9
356,2024-06-19T16:36:00.742634,0,0,83059,16264280395,53,48305799168,569180160,73728000,47662891008,22.7,101243179008,24071299072,64488558592,24.9
357,2024-06-19T16:36:01.243429,0,0,82019,16264321091,53,48305799168,569180160,73728000,47662891008,3.3,101243179008,24086261760,64473595904,24.9
358,2024-06-19T16:36:01.744115,0,0,82019,16264361766,53,48305799168,569180160,73728000,47662891008,0.2,101243179008,24086626304,64473108480,24.9
359,2024-06-19T16:36:02.244582,0,0,81905,16264402412,53,48305799168,569180160,73728000,47662891008,0.4,101243179008,24087400448,64472334336,24.9
360,2024-06-19T16:36:02.745370,0,0,81905,16264444056,53,48305799168,569180160,73728000,47662891008,2.3,101243179008,24086089728,64473645056,24.9
361,2024-06-19T16:36:03.245988,0,0,81808,16264484715,52,48305799168,569180160,73728000,47662891008,1.0,101243179008,24088408064,64471326720,24.9
362,2024-06-19T16:36:03.746586,0,0,81808,16264525349,52,48305799168,569180160,73728000,47662891008,0.4,101243179008,24089178112,64470552576,24.9
363,2024-06-19T16:36:04.247147,0,0,81765,16264565965,52,48305799168,569180160,73728000,47662891008,0.7,101243179008,24089178112,64470552576,24.9
364,2024-06-19T16:36:04.748017,0,0,81765,16264607346,53,48305799168,569180160,73728000,47662891008,2.1,101243179008,24099192832,64460529664,25.0
365,2024-06-19T16:36:05.248385,0,0,81695,16264648864,52,48305799168,569180160,73728000,47662891008,2.0,101243179008,24121819136,64437870592,25.0
366,2024-06-19T16:36:05.748966,0,0,81695,16264689525,52,48305799168,569180160,73728000,47662891008,5.1,101243179008,24270196736,64289492992,25.1
367,2024-06-19T16:36:06.250572,0,0,81815,16264730114,52,48305799168,569180160,57868288,47678750720,9.7,101243179008,24497688576,64062001152,25.4
368,2024-06-19T16:36:06.749909,0,5,82443,16264771948,52,48305799168,569180160,73728000,47662891008,21.2,101243179008,24498253824,64061390848,25.4
369,2024-06-19T16:36:07.250372,0,0,83869,16264813908,52,48305799168,569180160,73728000,47662891008,7.1,101243179008,24557826048,64001818624,25.4
370,2024-06-19T16:36:07.750880,0,0,83081,16264854511,52,48305799168,569180160,73728000,47662891008,5.1,101243179008,24635412480,63923994624,25.5
371,2024-06-19T16:36:08.251380,0,0,83081,16264895066,52,48305799168,569180160,73728000,47662891008,21.0,101243179008,24694243328,63865163776,25.5
372,2024-06-19T16:36:08.752315,0,0,81807,16264935573,52,48305799168,569180160,73728000,47662891008,2.2,101243179008,24704278528,63855128576,25.6
373,2024-06-19T16:36:09.252716,0,0,81807,16264985043,52,48305799168,569180160,73728000,47662891008,3.0,101243179008,24706170880,63853105152,25.6
374,2024-06-19T16:36:09.753258,0,0,81764,16265025576,52,48305799168,569180160,73728000,47662891008,0.4,101243179008,24706170880,63853105152,25.6
375,2024-06-19T16:36:10.254015,0,0,81764,16265066003,52,48305799168,569180160,73728000,47662891008,0.2,101243179008,24706170880,63853105152,25.6
376,2024-06-19T16:36:10.754586,0,0,81668,16265106455,52,48305799168,569180160,73728000,47662891008,0.7,101243179008,24707182592,63852093440,25.6
377,2024-06-19T16:36:11.286924,0,0,81668,16265147796,52,48305799168,569180160,73728000,47662891008,3.3,101243179008,24720855040,63838420992,25.6
378,2024-06-19T16:36:11.755977,0,0,81662,16265188655,52,48305799168,569180160,73728000,47662891008,1.8,101243179008,24733679616,63825584128,25.6
379,2024-06-19T16:36:12.256309,0,0,81662,16265229133,52,48305799168,569180160,73728000,47662891008,3.1,101243179008,24882561024,63676702720,25.7
380,2024-06-19T16:36:12.756906,0,0,81613,16265269557,52,48305799168,569180160,73728000,47662891008,5.1,101243179008,24990941184,63568322560,25.8
381,2024-06-19T16:36:13.257537,0,4,82495,16265311206,52,48305799168,569180160,73728000,47662891008,13.6,101243179008,25084100608,63475154944,25.9
382,2024-06-19T16:36:13.758203,0,0,83892,16265353044,52,48305799168,569180160,73728000,47662891008,19.0,101243179008,25135759360,63423496192,26.0
383,2024-06-19T16:36:14.258630,0,0,83349,16265393584,52,48305799168,569180160,73728000,47662891008,5.0,101243179008,25223495680,63335759872,26.1
384,2024-06-19T16:36:14.759228,0,0,83349,16265433984,52,48305799168,569180160,73728000,47662891008,5.1,101243179008,25288007680,63271247872,26.1
385,2024-06-19T16:36:15.259633,0,0,81333,16265474359,52,48305799168,569180160,73728000,47662891008,20.5,101243179008,25319743488,63239225344,26.2
386,2024-06-19T16:36:15.760346,0,0,81333,16265515733,52,48305799168,569180160,73728000,47662891008,2.3,101243179008,25321787392,63237181440,26.2
387,2024-06-19T16:36:16.261068,0,0,81357,16265556136,52,48305799168,569180160,73728000,47662891008,0.5,101243179008,25321787392,63237181440,26.2
388,2024-06-19T16:36:16.761796,0,0,81357,16265596471,52,48305799168,569180160,73728000,47662891008,0.7,101243179008,25322295296,63236673536,26.2
389,2024-06-19T16:36:17.262504,0,0,81321,16265636846,52,48305799168,569180160,73728000,47662891008,0.2,101243179008,25322303488,63236689920,26.2
390,2024-06-19T16:36:17.839250,0,0,81321,16265677961,52,48305799168,569180160,73728000,47662891008,2.3,101243179008,25333121024,63225868288,26.2
391,2024-06-19T16:36:18.263818,0,0,81272,16265718997,52,48305799168,569180160,73728000,47662891008,0.9,101243179008,25325092864,63233871872,26.2
392,2024-06-19T16:36:18.764386,0,0,81272,16265759323,52,48305799168,569180160,73728000,47662891008,0.5,101243179008,25325084672,63233871872,26.2
393,2024-06-19T16:36:19.264988,0,0,81321,16265799674,51,48305799168,569180160,73728000,47662891008,3.2,101243179008,25440419840,63118536704,26.3
394,2024-06-19T16:36:19.765533,0,0,81321,16265839998,51,48305799168,569180160,73728000,47662891008,5.8,101243179008,25547268096,63011713024,26.4
395,2024-06-19T16:36:20.265868,0,0,83701,16265882453,52,48305799168,569180160,73728000,47662891008,16.1,101243179008,25681108992,62877814784,26.5
396,2024-06-19T16:36:20.766313,0,0,83045,16265922972,51,48305799168,569180160,73728000,47662891008,20.9,101243179008,25732182016,62826754048,26.6
397,2024-06-19T16:36:21.266889,0,0,81968,16265963451,51,48305799168,569180160,73728000,47662891008,5.4,101243179008,25825513472,62733111296,26.7
398,2024-06-19T16:36:21.767493,0,0,81968,16266003626,51,48305799168,569180160,73728000,47662891008,5.8,101243179008,25877110784,62681513984,26.7
399,2024-06-19T16:36:22.268086,0,0,81968,16266044479,51,48305799168,569180160,73728000,47662891008,22.3,101243179008,25927405568,62631219200,26.8
400,2024-06-19T16:36:22.768681,0,0,86730,16266084301,51,48305799168,569180160,73728000,47662891008,0.6,101243179008,25927507968,62630993920,26.8
401,2024-06-19T16:36:23.269436,0,0,83443,16266124136,51,48305799168,569180160,73728000,47662891008,0.3,101243179008,25927766016,62630735872,26.8
402,2024-06-19T16:36:23.769998,0,0,83443,16266163987,51,48305799168,569180160,73728000,47662891008,1.1,101243179008,25932660736,62625841152,26.8
403,2024-06-19T16:36:24.364215,0,0,80153,16266212804,51,48305799168,569180160,73728000,47662891008,1.9,101243179008,25939107840,62619402240,26.8
404,2024-06-19T16:36:24.771223,0,0,80153,16266244747,51,48305799168,569180160,73728000,47662891008,0.5,101243179008,25923108864,62635405312,26.8
405,2024-06-19T16:36:25.271675,0,0,80104,16266284546,51,48305799168,569180160,73728000,47662891008,0.3,101243179008,25923108864,62635405312,26.8
406,2024-06-19T16:36:25.772277,0,0,80104,16266324332,51,48305799168,569180160,73728000,47662891008,1.5,101243179008,25928937472,62629519360,26.8
407,2024-06-19T16:36:26.272744,0,0,80237,16266364263,51,48305799168,569180160,73728000,47662891008,3.8,101243179008,26104135680,62454321152,26.9
408,2024-06-19T16:36:26.773383,0,0,80237,16266405400,51,48305799168,569180160,73728000,47662891008,6.8,101243179008,26222297088,62336159744,27.1
409,2024-06-19T16:36:27.273759,0,4,81179,16266446551,51,48305799168,569180160,73728000,47662891008,12.6,101243179008,26302836736,62255513600,27.1
410,2024-06-19T16:36:27.774469,0,0,81505,16266486669,51,48305799168,569180160,73728000,47662891008,18.5,101243179008,26361098240,62197239808,27.2
411,2024-06-19T16:36:28.274880,0,0,81018,16266526741,51,48305799168,569180160,73728000,47662891008,5.0,101243179008,26439286784,62119051264,27.3
412,2024-06-19T16:36:28.775528,0,0,81018,16266567426,51,48305799168,569180160,73728000,47662891008,7.6,101243179008,26497515520,62060584960,27.3
413,2024-06-19T16:36:29.276111,0,0,80431,16266607360,51,48305799168,569180160,73728000,47662891008,19.2,101243179008,26526646272,62031454208,27.4
414,2024-06-19T16:36:29.776555,0,0,80431,16266647233,51,48305799168,569180160,73728000,47662891008,0.8,101243179008,26527674368,62030426112,27.4
415,2024-06-19T16:36:30.277271,0,0,80381,16266687101,51,48305799168,569180160,73728000,47662891008,0.6,101243179008,26527588352,62030430208,27.4
416,2024-06-19T16:36:30.888075,0,0,80381,16266735801,51,48305799168,569180160,73728000,47662891008,1.7,101243179008,26535833600,62022184960,27.4
417,2024-06-19T16:36:31.278420,0,0,80359,16266767959,51,48305799168,569180160,73728000,47662891008,0.3,101243179008,26528083968,62029934592,27.4
418,2024-06-19T16:36:31.779006,0,0,80359,16266807807,51,48305799168,569180160,73728000,47662891008,1.3,101243179008,26532630528,62025375744,27.4
419,2024-06-19T16:36:32.279772,0,0,80310,16266847639,51,48305799168,569180160,73728000,47662891008,0.0,101243179008,26532630528,62025375744,27.4
420,2024-06-19T16:36:32.780305,0,0,80310,16266887476,51,48305799168,569180160,73728000,47662891008,0.5,101243179008,26532622336,62025375744,27.4
421,2024-06-19T16:36:33.281065,0,0,86924,16266928318,51,48305799168,569180160,73728000,47662891008,2.5,101243179008,26533130240,62024876032,27.4
422,2024-06-19T16:36:33.781619,0,0,86924,16266968237,51,48305799168,569180160,73728000,47662891008,4.3,101243179008,26699038720,61858967552,27.5
423,2024-06-19T16:36:34.282203,0,0,83540,16267008016,51,48305799168,569180160,73728000,47662891008,5.1,101243179008,26797355008,61760651264,27.6
424,2024-06-19T16:36:34.782888,0,0,81709,16267049027,51,48305799168,569180160,73728000,47662891008,10.1,101243179008,26899537920,61658284032,27.7
425,2024-06-19T16:36:35.283353,0,0,83465,16267090145,51,48305799168,569180160,73728000,47662891008,21.9,101243179008,26934706176,61623115776,27.8
426,2024-06-19T16:36:35.783801,0,0,82234,16267130200,51,48305799168,569180160,73728000,47662891008,5.2,101243179008,27030061056,61527760896,27.9
427,2024-06-19T16:36:36.284549,0,0,82234,16267169998,51,48305799168,569180160,73728000,47662891008,6.0,101243179008,27080671232,61476966400,27.9
428,2024-06-19T16:36:36.785048,0,0,80145,16267209796,51,48305799168,569180160,73728000,47662891008,20.8,101243179008,27132276736,61425360896,28.0
429,2024-06-19T16:36:37.285688,0,0,80145,16267249595,51,48305799168,569180160,73728000,47662891008,0.8,101243179008,27146428416,61411209216,28.0
430,2024-06-19T16:36:37.786302,0,0,80082,16267290497,51,48305799168,569180160,73728000,47662891008,2.2,101243179008,27140460544,61417177088,28.0
431,2024-06-19T16:36:38.287082,0,0,80082,16267330310,50,48305799168,569180160,73728000,47662891008,0.7,101243179008,27140362240,61417185280,28.0
432,2024-06-19T16:36:38.787784,0,0,80006,16267369996,50,48305799168,569180160,73728000,47662891008,0.3,101243179008,27140362240,61417185280,28.0
433,2024-06-19T16:36:39.288249,0,0,80006,16267409741,50,48305799168,569180160,73728000,47662891008,0.6,101243179008,27141619712,61415923712,28.0
434,2024-06-19T16:36:39.789042,0,0,80201,16267450312,50,48305799168,569180160,73728000,47662891008,2.6,101243179008,27142123520,61415419904,28.0
435,2024-06-19T16:36:40.289596,0,0,80201,16267490329,51,48305799168,569180160,73728000,47662891008,3.3,101243179008,27228798976,61328736256,28.1
436,2024-06-19T16:36:40.790149,0,0,80298,16267530052,50,48305799168,569180160,73728000,47662891008,5.3,101243179008,27341307904,61216227328,28.2
437,2024-06-19T16:36:41.290753,0,0,81058,16267570851,51,48305799168,569180160,73728000,47662891008,10.6,101243179008,27503898624,61053628416,28.3
438,2024-06-19T16:36:41.797539,0,0,80954,16267611646,51,48305799168,569180160,73728000,47662891008,22.8,101243179008,27554152448,61003350016,28.4
439,2024-06-19T16:36:42.291868,0,0,82341,16267651937,50,48305799168,569180160,73728000,47662891008,5.7,101243179008,27628949504,60928552960,28.4
440,2024-06-19T16:36:42.792423,0,0,81903,16267691641,50,48305799168,569180160,73728000,47662891008,5.4,101243179008,27675041792,60882132992,28.5
441,2024-06-19T16:36:43.292862,0,0,81903,16267731376,50,48305799168,569180160,73728000,47662891008,21.0,101243179008,27733618688,60823556096,28.5
442,2024-06-19T16:36:43.793682,0,0,80025,16267771068,50,48305799168,569180160,73728000,47662891008,2.3,101243179008,27742650368,60814524416,28.6
443,2024-06-19T16:36:44.294381,0,0,80034,16267811669,50,48305799168,569180160,73728000,47662891008,3.0,101243179008,27744256000,60812795904,28.6
444,2024-06-19T16:36:44.795041,0,0,80034,16267851372,50,48305799168,569180160,73728000,47662891008,0.2,101243179008,27744256000,60812795904,28.6
445,2024-06-19T16:36:45.295641,0,0,80034,16267891066,50,48305799168,569180160,73728000,47662891008,0.4,101243179008,27744256000,60812795904,28.6
446,2024-06-19T16:36:45.796494,0,0,80012,16267930778,50,48305799168,569180160,73728000,47662891008,0.5,101243179008,27744272384,60812795904,28.6
447,2024-06-19T16:36:46.297076,0,0,80012,16267971939,50,48305799168,569180160,73728000,47662891008,2.9,101243179008,27738120192,60818948096,28.6
448,2024-06-19T16:36:46.797811,0,0,80012,16268011644,50,48305799168,569180160,73728000,47662891008,0.4,101243179008,27738566656,60818497536,28.6
449,2024-06-19T16:36:47.298440,0,0,80012,16268051263,50,48305799168,569180160,73728000,47662891008,0.8,101243179008,27738550272,60818497536,28.6
450,2024-06-19T16:36:47.799123,0,0,79957,16268090900,50,48305799168,569180160,73728000,47662891008,1.3,101243179008,27767451648,60789596160,28.6
451,2024-06-19T16:36:48.317354,0,0,79957,16268131364,50,48305799168,569180160,73728000,47662891008,6.0,101243179008,27927162880,60629876736,28.7
452,2024-06-19T16:36:48.800246,0,0,86438,16268171586,50,48305799168,569180160,73728000,47662891008,5.5,101243179008,28018274304,60538773504,28.8
453,2024-06-19T16:36:49.301031,0,0,84059,16268212379,50,48305799168,569180160,73728000,47662891008,9.8,101243179008,28113432576,60443574272,28.9
454,2024-06-19T16:36:49.801471,0,0,81229,16268252208,50,48305799168,569180160,73728000,47662891008,20.9,101243179008,28165042176,60391964672,29.0
455,2024-06-19T16:36:50.302080,0,0,80529,16268291980,50,48305799168,569180160,73728000,47662891008,6.1,101243179008,28258930688,60298076160,29.1
456,2024-06-19T16:36:50.802485,0,0,80529,16268332420,50,48305799168,569180160,73728000,47662891008,9.7,101243179008,28332171264,60224565248,29.1
457,2024-06-19T16:36:51.303194,0,0,79885,16268372062,50,48305799168,569180160,73728000,47662891008,16.6,101243179008,28361039872,60195696640,29.2
458,2024-06-19T16:36:51.803955,0,0,79885,16268411637,50,48305799168,569180160,73728000,47662891008,0.4,101243179008,28361039872,60195696640,29.2
459,2024-06-19T16:36:52.304418,0,0,79816,16268451216,50,48305799168,569180160,73728000,47662891008,1.0,101243179008,28366716928,60190019584,29.2
460,2024-06-19T16:36:52.805071,0,0,79816,16268491772,50,48305799168,569180160,73728000,47662891008,2.1,101243179008,28366819328,60189786112,29.2
461,2024-06-19T16:36:53.305829,0,0,79768,16268531391,50,48305799168,569180160,73728000,47662891008,0.5,101243179008,28366819328,60189786112,29.2
462,2024-06-19T16:36:53.806470,0,0,79768,16268571002,50,48305799168,569180160,73728000,47662891008,0.2,101243179008,28366819328,60189786112,29.2
463,2024-06-19T16:36:54.306856,0,0,79665,16268610541,50,48305799168,569180160,73728000,47662891008,0.3,101243179008,28366819328,60189786112,29.2
464,2024-06-19T16:36:54.838915,0,0,79665,16268659175,50,48305799168,569180160,73728000,47662891008,2.7,101243179008,28379627520,60176961536,29.2
465,2024-06-19T16:36:55.308159,0,0,79617,16268690859,50,48305799168,569180160,73728000,47662891008,0.4,101243179008,28372111360,60184477696,29.2
466,2024-06-19T16:36:55.808736,0,0,79617,16268730452,50,48305799168,569180160,73728000,47662891008,0.5,101243179008,28372111360,60184477696,29.2
467,2024-06-19T16:36:56.309386,0,0,79714,16268770041,50,48305799168,569180160,73728000,47662891008,3.1,101243179008,28475060224,60081528832,29.3
468,2024-06-19T16:36:56.809924,0,0,79714,16268809568,50,48305799168,569180160,73728000,47662891008,5.5,101243179008,28589883392,59966705664,29.4
469,2024-06-19T16:36:57.310592,0,0,80604,16268851487,50,48305799168,569180160,73728000,47662891008,11.2,101243179008,28735868928,59820679168,29.5
470,2024-06-19T16:36:57.811148,0,0,81354,16268891307,50,48305799168,569180160,73728000,47662891008,21.3,101243179008,28785672192,59770654720,29.6
471,2024-06-19T16:36:58.311704,0,0,80618,16268931045,50,48305799168,569180160,73728000,47662891008,5.1,101243179008,28875214848,59681112064,29.7
472,2024-06-19T16:36:58.812276,0,0,80618,16268970620,50,48305799168,569180160,73728000,47662891008,5.9,101243179008,28929892352,59626434560,29.7
473,2024-06-19T16:36:59.312896,0,0,80618,16269011032,50,48305799168,569180160,73728000,47662891008,22.3,101243179008,28978143232,59578011648,29.8
474,2024-06-19T16:36:59.813628,0,0,79949,16269050585,50,48305799168,569180160,73728000,47662891008,0.2,101243179008,28978143232,59578011648,29.8
475,2024-06-19T16:37:00.314329,0,0,79762,16269090111,50,48305799168,569180160,73728000,47662891008,0.3,101243179008,28978143232,59578011648,29.8
476,2024-06-19T16:37:00.815103,0,0,79762,16269129680,50,48305799168,569180160,73728000,47662891008,1.4,101243179008,28979945472,59576209408,29.8
477,2024-06-19T16:37:01.356908,0,0,79762,16269178181,50,48305799168,569180160,73728000,47662891008,1.8,101243179008,28993622016,59562532864,29.8
478,2024-06-19T16:37:01.816193,0,0,85659,16269209899,49,48305799168,569180160,73728000,47662891008,0.1,101243179008,28985614336,59570540544,29.8
479,2024-06-19T16:37:02.316803,0,0,82566,16269249415,49,48305799168,569180160,73728000,47662891008,0.8,101243179008,28985618432,59570540544,29.8
480,2024-06-19T16:37:02.817342,0,0,82566,16269288942,49,48305799168,569180160,73728000,47662891008,1.5,101243179008,28987363328,59568795648,29.8
481,2024-06-19T16:37:03.317938,0,0,79427,16269328508,49,48305799168,569180160,73728000,47662891008,2.1,101243179008,29023465472,59532685312,29.8
482,2024-06-19T16:37:03.818637,0,0,79427,16269369089,49,48305799168,569180160,73728000,47662891008,7.2,101243179008,29159694336,59396456448,30.0
483,2024-06-19T16:37:04.320186,0,0,79358,16269408577,50,48305799168,569180160,58130432,47678488576,9.5,101243179008,29386698752,59169452032,30.2
484,2024-06-19T16:37:04.819609,0,0,80287,16269449393,49,48305799168,569180160,73728000,47662891008,21.8,101243179008,29376798720,59179290624,30.2
485,2024-06-19T16:37:05.320171,0,0,80238,16269489082,49,48305799168,569180160,73728000,47662891008,5.3,101243179008,29446467584,59109621760,30.2
486,2024-06-19T16:37:05.820810,0,0,80592,16269529913,49,48305799168,569180160,73728000,47662891008,7.5,101243179008,29517389824,59038478336,30.3
487,2024-06-19T16:37:06.321747,0,0,80592,16269569437,49,48305799168,569180160,73728000,47662891008,21.0,101243179008,29575708672,58980159488,30.4
488,2024-06-19T16:37:06.822296,0,0,79480,16269608940,49,48305799168,569180160,73728000,47662891008,2.6,101243179008,29586542592,58969325568,30.4
489,2024-06-19T16:37:07.323057,0,0,79480,16269648432,49,48305799168,569180160,73728000,47662891008,0.8,101243179008,29587591168,58968104960,30.4
490,2024-06-19T16:37:07.882031,0,0,79462,16269696623,50,48305799168,569180160,73728000,47662891008,1.5,101243179008,29596352512,58959343616,30.4
491,2024-06-19T16:37:08.324158,0,0,79462,16269728553,49,48305799168,569180160,73728000,47662891008,0.1,101243179008,29588623360,58967072768,30.4
492,2024-06-19T16:37:08.824904,0,0,79471,16269767932,49,48305799168,569180160,73728000,47662891008,1.5,101243179008,29590114304,58965581824,30.4
493,2024-06-19T16:37:09.325654,0,0,79471,16269807387,49,48305799168,569180160,73728000,47662891008,0.1,101243179008,29589929984,58965831680,30.4
494,2024-06-19T16:37:09.826302,0,0,79519,16269846854,49,48305799168,569180160,73728000,47662891008,0.2,101243179008,29589921792,58965831680,30.4
495,2024-06-19T16:37:10.327047,0,0,79519,16269887449,49,48305799168,569180160,73728000,47662891008,2.3,101243179008,29584089088,58971561984,30.4
496,2024-06-19T16:37:10.827449,0,0,79665,16269926847,49,48305799168,569180160,73728000,47662891008,0.6,101243179008,29587443712,58968207360,30.4
497,2024-06-19T16:37:11.328154,0,0,79665,16269966277,49,48305799168,569180160,73728000,47662891008,0.1,101243179008,29587701760,58967949312,30.4
498,2024-06-19T16:37:11.828734,0,0,79568,16270005748,49,48305799168,569180160,73728000,47662891008,0.5,101243179008,29587767296,58967949312,30.4
499,2024-06-19T16:37:12.329360,0,0,79568,16270046313,49,48305799168,569180160,73728000,47662891008,2.2,101243179008,29581045760,58974670848,30.4
500,2024-06-19T16:37:12.829581,0,0,79470,16270085743,49,48305799168,569180160,73728000,47662891008,0.9,101243179008,29582069760,58973646848,30.4
501,2024-06-19T16:37:13.330469,0,0,79470,16270125049,49,48305799168,569180160,73728000,47662891008,0.5,101243179008,29582520320,58973130752,30.4
502,2024-06-19T16:37:13.831018,0,0,79373,16270164452,49,48305799168,569180160,73728000,47662891008,0.1,101243179008,29582520320,58973130752,30.4
503,2024-06-19T16:37:14.408891,0,0,79373,16270212460,49,48305799168,569180160,73728000,47662891008,2.7,101243179008,29611307008,58944344064,30.4
504,2024-06-19T16:37:14.832306,0,0,81688,16270252514,49,48305799168,569180160,73728000,47662891008,4.3,101243179008,29751996416,58803646464,30.5
505,2024-06-19T16:37:15.332903,0,0,81688,16270291853,49,48305799168,569180160,73728000,47662891008,5.7,101243179008,29883662336,58672046080,30.7
506,2024-06-19T16:37:15.833418,0,5,80337,16270332540,49,48305799168,569180160,73728000,47662891008,14.7,101243179008,29942546432,58613153792,30.7
507,2024-06-19T16:37:16.333871,0,0,80205,16270372076,49,48305799168,569180160,73728000,47662891008,15.5,101243179008,30005469184,58549944320,30.8
508,2024-06-19T16:37:16.834532,0,0,80951,16270412684,49,48305799168,569180160,73728000,47662891008,7.0,101243179008,30092107776,58463260672,30.9
509,2024-06-19T16:37:17.334794,0,0,80951,16270452082,49,48305799168,569180160,73728000,47662891008,9.0,101243179008,30158393344,58396975104,30.9
510,2024-06-19T16:37:17.835504,0,0,79431,16270491429,49,48305799168,569180160,73728000,47662891008,16.9,101243179008,30185852928,58369425408,31.0
511,2024-06-19T16:37:18.336213,0,0,79431,16270530789,49,48305799168,569180160,73728000,47662891008,0.4,101243179008,30185852928,58369425408,31.0
512,2024-06-19T16:37:18.836843,0,0,80569,16270570971,49,48305799168,569180160,73728000,47662891008,2.1,101243179008,30185062400,58370215936,31.0
513,2024-06-19T16:37:19.337600,0,0,80569,16270610282,49,48305799168,569180160,73728000,47662891008,1.2,101243179008,30189604864,58365591552,31.0
514,2024-06-19T16:37:19.838319,0,0,80471,16270649633,49,48305799168,569180160,73728000,47662891008,0.2,101243179008,30189604864,58365591552,31.0
515,2024-06-19T16:37:20.339079,0,0,80471,16270688970,49,48305799168,569180160,73728000,47662891008,0.4,101243179008,30189600768,58365591552,31.0
516,2024-06-19T16:37:20.947627,0,0,79178,16270737236,49,48305799168,569180160,73728000,47662891008,2.0,101243179008,30203228160,58351955968,31.0
517,2024-06-19T16:37:21.340342,0,0,79178,16270768752,49,48305799168,569180160,73728000,47662891008,1.3,101243179008,30197800960,58357383168,31.0
518,2024-06-19T16:37:21.841045,0,0,79470,16270808125,49,48305799168,569180160,73728000,47662891008,3.8,101243179008,30358810624,58196373504,31.1
519,2024-06-19T16:37:22.341648,0,0,79470,16270847451,49,48305799168,569180160,73728000,47662891008,5.2,101243179008,30455836672,58099347456,31.2
520,2024-06-19T16:37:22.841968,0,3,80817,16270888061,49,48305799168,569180160,73728000,47662891008,9.2,101243179008,30558568448,57996595200,31.3
521,2024-06-19T16:37:23.342389,0,0,81209,16270928741,49,48305799168,569180160,73728000,47662891008,23.1,101243179008,30625312768,57929850880,31.4
522,2024-06-19T16:37:23.842990,0,0,81193,16270968226,49,48305799168,569180160,73728000,47662891008,5.4,101243179008,30713532416,57841631232,31.5
523,2024-06-19T16:37:24.343385,0,0,81193,16271007533,49,48305799168,569180160,73728000,47662891008,15.7,101243179008,30779097088,57775828992,31.6
524,2024-06-19T16:37:24.844130,0,0,79019,16271046813,49,48305799168,569180160,73728000,47662891008,8.8,101243179008,30799998976,57754927104,31.6
525,2024-06-19T16:37:25.344761,0,0,79019,16271087535,49,48305799168,569180160,73728000,47662891008,3.1,101243179008,30803353600,57751351296,31.6
526,2024-06-19T16:37:25.845450,0,0,79665,16271126859,49,48305799168,569180160,73728000,47662891008,0.3,101243179008,30803087360,57751617536,31.6
527,2024-06-19T16:37:26.346156,0,0,79665,16271166168,49,48305799168,569180160,73728000,47662891008,0.3,101243179008,30803087360,57751617536,31.6
528,2024-06-19T16:37:26.846773,0,0,79421,16271205452,49,48305799168,569180160,73728000,47662891008,0.7,101243179008,30803087360,57751617536,31.6
529,2024-06-19T16:37:27.347481,0,0,79421,16271244738,49,48305799168,569180160,73728000,47662891008,0.7,101243179008,30811828224,57742876672,31.6
530,2024-06-19T16:37:27.848121,0,0,79178,16271284715,49,48305799168,569180160,73728000,47662891008,2.1,101243179008,30804615168,57750089728,31.6
531,2024-06-19T16:37:28.348753,0,0,79178,16271324022,49,48305799168,569180160,73728000,47662891008,0.9,101243179008,30804893696,57749848064,31.6
532,2024-06-19T16:37:28.849219,0,0,79128,16271363275,49,48305799168,569180160,73728000,47662891008,1.6,101243179008,30824701952,57730039808,31.6
533,2024-06-19T16:37:29.349782,0,0,79128,16271402627,49,48305799168,569180160,73728000,47662891008,4.5,101243179008,30976737280,57578004480,31.8
534,2024-06-19T16:37:29.850359,0,0,85756,16271442788,49,48305799168,569180160,73728000,47662891008,7.1,101243179008,31153733632,57401008128,31.9
535,2024-06-19T16:37:30.351259,0,4,83984,16271483380,49,48305799168,569180160,73728000,47662891008,9.1,101243179008,31168925696,57386029056,31.9
536,2024-06-19T16:37:30.851717,0,0,80277,16271522849,49,48305799168,569180160,73728000,47662891008,5.2,101243179008,30172438528,58382475264,31.0
537,2024-06-19T16:37:31.352118,4,46,80740,16271563924,49,48305799168,569180160,5666111488,42070507520,5.3,101243179008,29212962816,59358789632,30.0
538,2024-06-19T16:37:31.862253,0,0,80701,16271604353,49,48305799168,569180160,5666111488,42070507520,8.0,101243179008,27460104192,61112016896,28.3
539,2024-06-19T16:37:32.353171,4,51,81883,16271645684,49,48305799168,569180160,11258494976,36478124032,4.4,101243179008,27083587584,61504905216,27.9
540,2024-06-19T16:37:32.853743,0,0,81877,16271685176,49,48305799168,569180160,11258494976,36478124032,4.7,101243179008,26588049408,62000791552,27.4
541,2024-06-19T16:37:33.354508,0,0,80226,16271724548,49,48305799168,569180160,11258494976,36478124032,5.7,101243179008,26428260352,62160572416,27.2
542,2024-06-19T16:37:33.855196,0,0,80226,16271763841,49,48305799168,569180160,11258494976,36478124032,5.3,101243179008,25773846528,62815064064,26.6
543,2024-06-19T16:37:34.355768,0,0,85756,16271804490,49,48305799168,569180160,11258494976,36478124032,6.7,101243179008,25269772288,63319863296,26.1
544,2024-06-19T16:37:34.856214,0,0,85756,16271843752,49,48305799168,569180160,11258494976,36478124032,5.3,101243179008,25268764672,63320895488,26.1
545,2024-06-19T16:37:35.356718,0,0,82370,16271883021,49,48305799168,569180160,11258494976,36478124032,6.0,101243179008,23555768320,65033891840,24.4
546,2024-06-19T16:37:35.857188,6,68,80760,16271923996,49,48305799168,569180160,16850878464,30885740544,5.2,101243179008,23186808832,65419739136,24.0
547,2024-06-19T16:37:36.357603,0,0,82821,16271964618,49,48305799168,569180160,16850878464,30885740544,7.0,101243179008,22686285824,65920323584,23.5
548,2024-06-19T16:37:36.858099,0,0,81480,16272003940,49,48305799168,569180160,16850878464,30885740544,5.3,101243179008,22534483968,66072178688,23.4
549,2024-06-19T16:37:37.358664,0,0,81480,16272043178,48,48305799168,569180160,16850878464,30885740544,4.4,101243179008,22030815232,66576117760,22.9
550,2024-06-19T16:37:37.859200,0,0,79078,16272082405,48,48305799168,569180160,16850878464,30885740544,6.1,101243179008,22027161600,66579771392,22.9
551,2024-06-19T16:37:38.428776,3,35,80576,16272132040,49,48305799168,569180160,19769393152,27967225856,6.2,101243179008,19942289408,68681580544,20.8
552,2024-06-19T16:37:38.860349,0,0,82356,16272163647,49,48305799168,569180160,19769393152,27967225856,5.5,101243179008,19934285824,68689584128,20.8
553,2024-06-19T16:37:39.360827,0,0,80991,16272202976,48,48305799168,569180160,19769393152,27967225856,5.3,101243179008,19277803520,69346566144,20.1
554,2024-06-19T16:37:39.861375,0,0,80991,16272242224,48,48305799168,569180160,19769393152,27967225856,5.0,101243179008,18781671424,69842939904,19.6
555,2024-06-19T16:37:40.361942,0,0,78919,16272281443,48,48305799168,569180160,19769393152,27967225856,5.2,101243179008,18781667328,69842939904,19.6
556,2024-06-19T16:37:40.862448,0,0,81697,16272323504,49,48305799168,569180160,25361776640,22374842368,6.8,101243179008,16804802560,71836618752,17.7
557,2024-06-19T16:37:41.362995,0,0,83244,16272362931,48,48305799168,569180160,25361776640,22374842368,5.2,101243179008,16804081664,71837331456,17.7
558,2024-06-19T16:37:41.863575,0,0,80420,16272402319,48,48305799168,569180160,25361776640,22374842368,5.7,101243179008,16804589568,71836823552,17.7
559,2024-06-19T16:37:42.364231,1,7,82011,16272442984,49,48305799168,569180160,30956257280,16780361728,4.8,101243179008,14843727872,73814806528,15.7
560,2024-06-19T16:37:42.864786,0,0,81967,16272483804,49,48305799168,569180160,30956257280,16780361728,7.6,101243179008,14682865664,73975664640,15.6
561,2024-06-19T16:37:43.365218,0,0,81393,16272523220,48,48305799168,569180160,30956257280,16780361728,5.0,101243179008,14187155456,74471886848,15.1
562,2024-06-19T16:37:43.865575,0,0,81073,16272562430,48,48305799168,569180160,30956257280,16780361728,6.1,101243179008,14028398592,74630656000,14.9
563,2024-06-19T16:37:44.366150,0,0,79071,16272601652,48,48305799168,569180160,30956257280,16780361728,4.2,101243179008,13532233728,75126902784,14.4
564,2024-06-19T16:37:44.967829,0,0,79071,16272649492,49,48305799168,569180160,30956257280,16780361728,7.0,101243179008,11650199552,77008936960,12.6
565,2024-06-19T16:37:45.367104,0,0,81829,16272682920,48,48305799168,569180160,36548640768,11187978240,5.1,101243179008,11562500096,77113638912,12.5
566,2024-06-19T16:37:45.867708,0,0,82793,16272722296,48,48305799168,569180160,36548640768,11187978240,5.7,101243179008,11564818432,77111320576,12.5
567,2024-06-19T16:37:46.368288,5,62,80993,16272763261,48,48305799168,569180160,42141024256,5595594752,4.4,101243179008,9443319808,79249551360,10.4
568,2024-06-19T16:37:46.868867,0,0,80923,16272802634,48,48305799168,569180160,42141024256,5595594752,5.7,101243179008,9443405824,79249551360,10.4
569,2024-06-19T16:37:47.369323,0,0,81095,16272843107,48,48305799168,569180160,42141024256,5595594752,6.6,101243179008,8950599680,79742734336,9.9
570,2024-06-19T16:37:47.869614,0,0,82934,16272882976,49,48305799168,569180160,47733407744,3211264,5.7,101243179008,6997856256,81711861760,7.9
571,2024-06-19T16:37:48.370137,0,0,82412,16272923266,48,48305799168,569180160,47733407744,3211264,5.4,101243179008,6838214656,81872228352,7.8
572,2024-06-19T16:37:48.871006,0,0,81513,16272962638,48,48305799168,569180160,47733407744,3211264,5.2,101243179008,6342193152,82368266240,7.3
573,2024-06-19T16:37:49.371504,0,0,80325,16273002847,48,48305799168,569180160,47733407744,3211264,6.9,101243179008,6176268288,82534182912,7.1
574,2024-06-19T16:37:49.871851,0,0,78792,16273042002,48,48305799168,569180160,47733407744,3211264,5.8,101243179008,5524160512,83186872320,6.5
575,2024-06-19T16:37:50.372584,0,0,78792,16273074893,47,48305799168,569180160,47733407744,3211264,4.5,101243179008,5019254784,83691905024,6.0
576,2024-06-19T16:37:50.873054,0,0,78792,16273106050,47,48305799168,569180160,47733407744,3211264,5.2,101243179008,4867403776,83843784704,5.8
577,2024-06-19T16:37:51.524612,0,0,70309,16273149803,47,48305799168,569180160,47733407744,3211264,6.4,101243179008,4221546496,84490252288,5.2
578,2024-06-19T16:37:51.874244,0,0,63371,16273168822,47,48305799168,569180160,47733407744,3211264,6.4,101243179008,4204474368,84507324416,5.2
579,2024-06-19T16:37:52.374588,0,0,63371,16273200000,47,48305799168,569180160,47733407744,3211264,4.9,101243179008,3547394048,85164560384,4.5
